2024-04-05 20:32:36,opensea
2024-04-05 20:32:36,0x_eunice
2024-04-05 20:32:36,SCP_Intern
2024-04-05 20:32:36,CanonicalChad
2024-04-05 20:32:36,PrincetonCS
2024-04-05 20:32:36,shellvish
2024-04-05 20:32:36,fradamt
2024-04-05 20:32:36,ritualnet
2024-04-05 20:32:36,izebel_eth
2024-04-05 20:32:36,CUCK_CUCK_
2024-04-05 20:32:36,nonce_too_low
2024-04-05 20:32:36,marinerime
2024-04-05 20:32:36,ttunguz
2024-04-05 20:32:36,theyisun
2024-04-05 20:32:36,sershokunin
2024-04-05 20:32:36,cosmos
2024-04-05 20:32:36,betavailability
2024-04-05 20:32:36,BeckerrJon
2024-04-05 20:32:36,2NDKSh7y3d
2024-04-05 20:32:36,VzloBwmpNi
2024-04-05 20:32:36,benjaminion_xyz
2024-04-05 20:32:36,SoundFocus
2024-04-05 20:32:36,joshqharris
2024-04-05 20:32:36,howdymerry
2024-04-05 20:32:36,axiom_xyz
2024-04-05 20:32:36,KyojiiBruder
2024-04-05 20:32:36,initc3org
2024-04-05 20:32:36,Evan_ss6
2024-04-05 20:32:36,oHmwh3yRXc
2024-04-05 20:32:36,GwartsIntern
2024-04-05 20:32:36,tradergirlsuki
2024-04-05 20:32:36,optimism
2024-04-05 20:32:36,0x_sry
2024-04-05 20:32:36,beaverbuild
2024-04-05 20:32:36,coinbase
2024-04-05 20:32:36,shadowxyz
2024-04-05 20:32:36,mBVFhriJVf
2024-04-05 20:32:36,0xmozak
2024-04-05 20:32:36,PrimordialAA
2024-04-05 20:32:36,uwaterloo
2024-04-05 20:32:36,Columbia_Biz
2024-04-05 20:32:36,HJkfzUaUb2
2024-04-05 20:32:36,LtNsM8TzU8
2024-04-05 20:32:36,arbitrum
2024-04-05 20:32:36,bankofamerica
2024-04-05 20:32:36,aidan0x
2024-04-05 20:32:36,QwQiao
2024-04-05 20:32:36,cyberfund_
2024-04-05 20:32:36,Microsoft
2024-04-05 20:32:36,0x_widehat
2024-04-05 20:32:36,0xPolygon
2024-04-05 20:32:36,mcgillu
2024-04-05 20:32:36,LJLXu7aKyi
2024-04-05 20:32:36,standardcrypto
2024-04-05 20:32:36,varunsrin
2024-04-05 20:32:36,cornell_tech
2024-04-05 20:32:36,alliancedao
2024-04-05 20:32:36,DavideCrapis
2024-04-05 20:32:36,Cardea__
2024-04-05 20:32:36,BerkeleyHaas
2024-04-05 20:32:36,TransposeData
2024-04-05 20:32:36,weboftrees
2024-04-05 20:32:36,LayerZero_Labs
2024-04-05 20:32:36,IWw3R3RVLm
2024-04-05 20:32:36,Data_Always
2024-04-05 20:32:36,keoneHD
2024-04-05 20:32:36,bwaytech
2024-04-05 20:32:36,farcaster_xyz
2024-04-05 20:32:36,OPLabsPBC
2024-04-05 20:32:36,lwU5yWvC6W
2024-04-05 20:32:36,sachayve
2024-04-05 20:32:36,shutterstock
2024-04-05 20:32:36,dntse
2024-04-05 20:32:36,sorellalabs
2024-04-05 20:32:36,ethereum
2024-04-05 20:32:36,MikeIppolito_
2024-04-05 20:32:36,theoryvc
2024-04-05 20:32:36,pixiechess
2024-04-05 20:32:36,urbitverse
2024-04-05 20:32:36,0xfuturistic
2024-04-05 20:32:36,waltjsmith
2024-04-05 20:32:36,messaricrypto
2024-04-05 20:32:36,weidai11
2024-04-05 20:32:36,_fel1x
2024-04-05 20:32:36,Coinbase
2024-04-05 20:32:36,nero_eth
2024-04-05 20:32:36,emo_eth
2024-04-05 20:32:36,awOpZcRsC6
2024-04-05 20:32:36,manifoldxyz
2024-04-05 20:32:36,ut8WcgWa1n
2024-04-05 20:32:36,akileshpotti
2024-04-05 20:32:36,stride_zone
2024-04-05 20:32:36,Slokh
2024-04-05 20:32:36,DegenTW_
2024-04-05 20:32:36,sgoldfed
2024-04-05 20:32:36,PanteraCapital
2024-04-05 20:32:36,jdkanani
2024-04-05 20:32:36,binji_x
2024-04-05 20:32:36,OffchainLabs
2024-04-05 20:32:36,neworderDAO
2024-04-05 20:32:36,paradigm
2024-04-05 20:32:36,wiIIiamrobinson
2024-04-05 20:32:36,geeogi
2024-04-05 20:32:36,monad_xyz
2024-04-05 20:32:36,mit
2024-04-05 20:32:36,5rmarwjQhT
2024-04-05 20:32:36,ciamac
2024-04-05 20:32:36,l3VmRrQYfM
2024-04-05 20:32:36,chainalysis
2024-04-05 20:32:36,morphicfilms
2024-04-05 20:32:36,ConsenSys
2024-04-08 15:41:10,0x_sry
2024-04-08 15:41:10,shellvish
2024-04-08 15:41:10,betavailability
2024-04-08 15:41:10,coinbase
2024-04-08 15:41:10,BerkeleyHaas
2024-04-08 15:41:10,theyisun
2024-04-08 15:41:10,axiom_xyz
2024-04-08 15:41:10,jito_sol
2024-04-08 15:41:10,eawosikaa
2024-04-08 15:41:10,buffalu__
2024-04-08 15:41:10,SoundFocus
2024-04-08 15:41:10,_fel1x
2024-04-08 15:41:10,awOpZcRsC6
2024-04-08 15:41:10,5rmarwjQhT
2024-04-08 15:41:10,dntse
2024-04-08 15:41:10,sorellalabs
2024-04-08 15:41:10,chainalysis
2024-04-08 15:41:10,manifoldxyz
2024-04-08 15:41:10,benjaminion_xyz
2024-04-08 15:41:10,VzloBwmpNi
2024-04-08 15:41:10,0xfuturistic
2024-04-08 15:41:10,mBVFhriJVf
2024-04-08 15:41:10,ut8WcgWa1n
2024-04-08 15:41:10,tradergirlsuki
2024-04-08 15:41:10,joshqharris
2024-04-08 15:41:10,beaverbuild
2024-04-08 15:41:10,Cardea__
2024-04-08 15:41:10,marinerime
2024-04-08 15:41:10,umbraresearch
2024-04-08 15:41:10,0x_widehat
2024-04-08 15:41:10,LtNsM8TzU8
2024-04-08 15:41:10,cyberfund_
2024-04-08 15:41:10,IWw3R3RVLm
2024-04-08 15:41:10,aidan0x
2024-04-08 15:41:10,akileshpotti
2024-04-08 15:41:10,izebel_eth
2024-04-08 15:41:10,0xBalloonLover
2024-04-08 15:41:10,DavideCrapis
2024-04-08 15:41:10,emo_eth
2024-04-08 15:41:10,mit
2024-04-08 15:41:10,0xPolygon
2024-04-08 15:41:10,CanonicalChad
2024-04-08 15:41:10,LayerZero_Labs
2024-04-08 15:41:10,Ethereum2077
2024-04-08 15:41:10,farcaster_xyz
2024-04-08 15:41:10,messaricrypto
2024-04-08 15:41:10,HJkfzUaUb2
2024-04-08 15:41:10,pixiechess
2024-04-08 15:41:10,mcgillu
2024-04-08 15:41:10,Microsoft
2024-04-08 15:41:10,binji_x
2024-04-08 15:41:10,PanteraCapital
2024-04-08 15:41:10,morphicfilms
2024-04-08 15:41:10,varunsrin
2024-04-08 15:41:10,MikeIppolito_
2024-04-08 15:41:10,shadowxyz
2024-04-08 15:41:10,optimism
2024-04-08 15:41:10,CUCK_CUCK_
2024-04-08 15:41:10,Columbia_Biz
2024-04-08 15:41:10,sershokunin
2024-04-08 15:41:10,ttunguz
2024-04-08 15:41:10,bwaytech
2024-04-08 15:41:10,l3VmRrQYfM
2024-04-08 15:41:10,marginxsafety
2024-04-08 15:41:10,neworderDAO
2024-04-08 15:41:10,sgoldfed
2024-04-08 15:41:10,alliancedao
2024-04-08 15:41:10,lwU5yWvC6W
2024-04-08 15:41:10,keoneHD
2024-04-08 15:41:10,shutterstock
2024-04-08 15:41:10,Evan_ss6
2024-04-08 15:41:10,jdkanani
2024-04-08 15:41:10,standardcrypto
2024-04-08 15:41:10,howdymerry
2024-04-08 15:41:10,initc3org
2024-04-08 15:41:10,ritualnet
2024-04-08 15:41:10,0xmozak
2024-04-08 15:41:10,monad_xyz
2024-04-08 15:41:10,ballsyalchemist
2024-04-08 15:41:10,geeogi
2024-04-08 15:41:10,ethereum
2024-04-08 15:41:10,waltjsmith
2024-04-08 15:41:10,arbitrum
2024-04-08 15:41:10,BeckerrJon
2024-04-08 15:41:10,LJLXu7aKyi
2024-04-08 15:41:10,Slokh
2024-04-08 15:41:10,OPLabsPBC
2024-04-08 15:41:10,nero_eth
2024-04-08 15:41:10,TransposeData
2024-04-08 15:41:10,PrimordialAA
2024-04-08 15:41:10,theoryvc
2024-04-08 15:41:10,PrincetonCS
2024-04-08 15:41:10,0x_eunice
2024-04-08 15:41:10,KyojiiBruder
2024-04-08 15:41:10,paradigm
2024-04-08 15:41:10,fenbushi
2024-04-08 15:41:10,OffchainLabs
2024-04-08 15:41:10,nonce_too_low
2024-04-08 15:41:10,stride_zone
2024-04-08 15:41:10,cornell_tech
2024-04-08 15:41:10,GwartsIntern
2024-04-08 15:41:10,fradamt
2024-04-08 15:41:10,Coinbase
2024-04-08 15:41:10,ciamac
2024-04-08 15:41:10,2NDKSh7y3d
2024-04-08 15:41:10,jito_labs
2024-04-08 15:41:10,ConsenSys
2024-04-08 15:41:10,weidai11
2024-04-08 15:41:10,cosmos
2024-04-08 15:41:10,wiIIiamrobinson
2024-04-08 15:41:10,Data_Always
2024-04-08 15:41:10,uwaterloo
2024-04-08 15:41:10,opensea
2024-04-08 15:41:10,bankofamerica
2024-04-08 15:41:10,QwQiao
2024-04-08 15:41:10,DegenTW_
2024-04-08 15:41:10,oHmwh3yRXc
2024-04-17 12:52:24,tracecrypto1
2024-04-17 12:52:24,theoryvc
2024-04-17 12:52:24,MikeIppolito_
2024-04-17 12:52:24,neworderDAO
2024-04-17 12:52:24,nero_eth
2024-04-17 12:52:24,geeogi
2024-04-17 12:52:24,standardcrypto
2024-04-17 12:52:24,0x_eunice
2024-04-17 12:52:24,fenbushi
2024-04-17 12:52:24,waltjsmith
2024-04-17 12:52:24,NewsyJohnson
2024-04-17 12:52:24,eawosikaa
2024-04-17 12:52:24,PanteraCapital
2024-04-17 12:52:24,BerkeleyHaas
2024-04-17 12:52:24,mcgillu
2024-04-17 12:52:24,arbitrum
2024-04-17 12:52:24,Cardea__
2024-04-17 12:52:24,DegenTW_
2024-04-17 12:52:24,5rmarwjQhT
2024-04-17 12:52:24,VzloBwmpNi
2024-04-17 12:52:24,weidai11
2024-04-17 12:52:24,axiom_xyz
2024-04-17 12:52:24,_jhunsaker
2024-04-17 12:52:24,stride_zone
2024-04-17 12:52:24,SoundFocus
2024-04-17 12:52:24,LJLXu7aKyi
2024-04-17 12:52:24,Slokh
2024-04-17 12:52:24,0xmozak
2024-04-17 12:52:24,bwaytech
2024-04-17 12:52:24,IWw3R3RVLm
2024-04-17 12:52:24,sorellalabs
2024-04-17 12:52:24,ritualnet
2024-04-17 12:52:24,cyberfund_
2024-04-17 12:52:24,Ethereum2077
2024-04-17 12:52:24,2NDKSh7y3d
2024-04-17 12:52:24,wiIIiamrobinson
2024-04-17 12:52:24,initc3org
2024-04-17 12:52:24,emo_eth
2024-04-17 12:52:24,GoldmanSachs
2024-04-17 12:52:24,KyojiiBruder
2024-04-17 12:52:24,joshqharris
2024-04-17 12:52:24,0xBalloonLover
2024-04-17 12:52:24,opensea
2024-04-17 12:52:24,HJkfzUaUb2
2024-04-17 12:52:24,morphicfilms
2024-04-17 12:52:24,_fel1x
2024-04-17 12:52:24,Coinbase
2024-04-17 12:52:24,0x_sry
2024-04-17 12:52:24,LtNsM8TzU8
2024-04-17 12:52:24,l3VmRrQYfM
2024-04-17 12:52:24,monad_xyz
2024-04-17 12:52:24,keoneHD
2024-04-17 12:52:24,varunsrin
2024-04-17 12:52:24,ballsyalchemist
2024-04-17 12:52:24,benjaminion_xyz
2024-04-17 12:52:24,beaverbuild
2024-04-17 12:52:24,solana
2024-04-17 12:52:24,0xPolygon
2024-04-17 12:52:24,howdymerry
2024-04-17 12:52:24,dntse
2024-04-17 12:52:24,Microsoft
2024-04-17 12:52:24,ConsenSys
2024-04-17 12:52:24,jdkanani
2024-04-17 12:52:24,marginxsafety
2024-04-17 12:52:24,0xfuturistic
2024-04-17 12:52:24,OPLabsPBC
2024-04-17 12:52:24,paradigm
2024-04-17 12:52:24,cornell_tech
2024-04-17 12:52:24,theyisun
2024-04-17 12:52:24,tradergirlsuki
2024-04-17 12:52:24,Data_Always
2024-04-17 12:52:24,OffchainLabs
2024-04-17 12:52:24,akileshpotti
2024-04-17 12:52:24,Columbia_Biz
2024-04-17 12:52:24,awOpZcRsC6
2024-04-17 12:52:24,pixiechess
2024-04-17 12:52:24,mBVFhriJVf
2024-04-17 12:52:24,coinbase
2024-04-17 12:52:24,PythNetwork
2024-04-17 12:52:24,marinerime
2024-04-17 12:52:24,sgoldfed
2024-04-17 12:52:24,farcaster_xyz
2024-04-17 12:52:24,messaricrypto
2024-04-17 12:52:24,betavailability
2024-04-17 12:52:24,cosmos
2024-04-17 12:52:24,Evan_ss6
2024-04-17 12:52:24,0x_widehat
2024-04-17 12:52:24,jpmorgan
2024-04-17 12:52:24,oHmwh3yRXc
2024-04-17 12:52:24,binji_x
2024-04-17 12:52:24,lwU5yWvC6W
2024-04-17 12:52:24,izebel_eth
2024-04-17 12:52:24,shutterstock
2024-04-17 12:52:24,ciamac
2024-04-17 12:52:24,QwQiao
2024-04-17 12:52:24,bankofamerica
2024-04-17 12:52:24,ethereum
2024-04-17 12:52:24,fradamt
2024-04-17 12:52:24,CUCK_CUCK_
2024-04-17 12:52:24,PrincetonCS
2024-04-17 12:52:24,ut8WcgWa1n
2024-04-17 12:52:24,shellvish
2024-04-17 12:52:24,mit
2024-04-17 12:52:24,sershokunin
2024-04-17 12:52:24,alliancedao
2024-04-17 12:52:24,lidofinance
2024-04-17 12:52:24,ttunguz
2024-04-17 12:52:24,jumptrading
2024-04-17 12:52:24,uwaterloo
2024-04-17 12:52:24,optimism
2024-04-17 12:52:24,DavideCrapis
2024-04-17 12:52:24,CanonicalChad
2024-04-17 12:52:24,aidan0x
2024-04-17 12:52:24,manifoldxyz
2024-05-03 16:17:57,LtNsM8TzU8
2024-05-03 16:17:57,0xBalloonLover
2024-05-03 16:17:57,wiIIiamrobinson
2024-05-03 16:17:57,fradamt
2024-05-03 16:17:57,optimism
2024-05-03 16:17:57,bwaytech
2024-05-03 16:17:57,coinbase
2024-05-03 16:17:57,Ethereum2077
2024-05-03 16:17:57,2NDKSh7y3d
2024-05-03 16:17:57,oHmwh3yRXc
2024-05-03 16:17:57,SoundFocus
2024-05-03 16:17:57,DegenTW_
2024-05-03 16:17:57,mBVFhriJVf
2024-05-03 16:17:57,bankofamerica
2024-05-03 16:17:57,sgoldfed
2024-05-03 16:17:57,_fel1x
2024-05-03 16:17:57,joshqharris
2024-05-03 16:17:57,solana
2024-05-03 16:17:57,keoneHD
2024-05-03 16:17:57,df8R3n3Xeu
2024-05-03 16:17:57,dntse
2024-05-03 16:17:57,NewsyJohnson
2024-05-03 16:17:57,0xalpo
2024-05-03 16:17:57,sershokunin
2024-05-03 16:17:57,geeogi
2024-05-03 16:17:57,Osmosiszone
2024-05-03 16:17:57,Data_Always
2024-05-03 16:17:57,izebel_eth
2024-05-03 16:17:57,standardcrypto
2024-05-03 16:17:57,mit
2024-05-03 16:17:57,ciamac
2024-05-03 16:17:57,cyberfund_
2024-05-03 16:17:57,jpmorgan
2024-05-03 16:17:57,jdkanani
2024-05-03 16:17:57,Columbia_Biz
2024-05-03 16:17:57,Microsoft
2024-05-03 16:17:57,shellvish
2024-05-03 16:17:57,initc3org
2024-05-03 16:17:57,ballsyalchemist
2024-05-03 16:17:57,neworderDAO
2024-05-03 16:17:57,emo_eth
2024-05-03 16:17:57,ttunguz
2024-05-03 16:17:57,ethereum
2024-05-03 16:17:57,alliancedao
2024-05-03 16:17:57,l3VmRrQYfM
2024-05-03 16:17:57,theoryvc
2024-05-03 16:17:57,HJkfzUaUb2
2024-05-03 16:17:57,IWw3R3RVLm
2024-05-03 16:17:57,5rmarwjQhT
2024-05-03 16:17:57,fenbushi
2024-05-03 16:17:57,Slokh
2024-05-03 16:17:57,PrincetonCS
2024-05-03 16:17:57,lwU5yWvC6W
2024-05-03 16:17:57,varunsrin
2024-05-03 16:17:57,_jhunsaker
2024-05-03 16:17:57,jumptrading
2024-05-03 16:17:57,marginxsafety
2024-05-03 16:17:57,0x_eunice
2024-05-03 16:17:57,ConsenSys
2024-05-03 16:17:57,manifoldxyz
2024-05-03 16:17:57,OPLabsPBC
2024-05-03 16:17:57,PythNetwork
2024-05-03 16:17:57,weidai11
2024-05-03 16:17:57,messaricrypto
2024-05-03 16:17:57,pixiechess
2024-05-03 16:17:57,howdymerry
2024-05-03 16:17:57,morphicfilms
2024-05-03 16:17:57,GoldmanSachs
2024-05-03 16:17:57,waltjsmith
2024-05-03 16:17:57,LJLXu7aKyi
2024-05-03 16:17:57,DavideCrapis
2024-05-03 16:17:57,0xPolygon
2024-05-03 16:17:57,CanonicalChad
2024-05-03 16:17:57,uwaterloo
2024-05-03 16:17:57,axiom_xyz
2024-05-03 16:17:57,lidofinance
2024-05-03 16:17:57,0xmozak
2024-05-03 16:17:57,VzloBwmpNi
2024-05-03 16:17:57,eawosikaa
2024-05-03 16:17:57,tracecrypto1
2024-05-03 16:17:57,MikeIppolito_
2024-05-03 16:17:57,beaverbuild
2024-05-03 16:17:57,Evan_ss6
2024-05-03 16:17:57,Cardea__
2024-05-03 16:17:57,shutterstock
2024-05-03 16:17:57,cornell_tech
2024-05-03 16:17:57,nero_eth
2024-05-03 16:17:57,farcaster_xyz
2024-05-03 16:17:57,sorellalabs
2024-05-03 16:17:57,CalBlockchain
2024-05-03 16:17:57,Paradigm
2024-05-03 16:17:57,benjaminion_xyz
2024-05-03 16:17:57,monad_xyz
2024-05-03 16:17:57,mrpRyqbiAs
2024-05-03 16:17:57,binji_x
2024-05-03 16:17:57,Coinbase
2024-05-03 16:17:57,arbitrum
2024-05-03 16:17:57,FeederRotation
2024-05-03 16:17:57,opensea
2024-05-03 16:17:57,stride_zone
2024-05-03 16:17:57,awOpZcRsC6
2024-05-03 16:17:57,paradigm
2024-05-03 16:17:57,ut8WcgWa1n
2024-05-03 16:17:57,OffchainLabs
2024-05-03 16:17:57,QwQiao
2024-05-03 16:17:57,aidan0x
