2024-04-05 22:46:50,30JgUOkiBD
2024-04-05 22:46:50,PessimistsArc
2024-04-05 22:46:50,WesternUnion
2024-04-05 22:46:50,MattCorva
2024-04-05 22:46:50,ichuckcain
2024-04-05 22:46:50,cityofquincy
2024-04-05 22:46:50,kyleisbased
2024-04-05 22:46:50,DannySursock
2024-04-05 22:46:50,apples_jimmy
2024-04-05 22:46:50,RiscZero
2024-04-05 22:46:50,a16z
2024-04-05 22:46:50,oasisonchain
2024-04-05 22:46:50,partyhatDAO
2024-04-05 22:46:50,RISCZero
2024-04-05 22:46:50,BounceBitClub
2024-04-05 22:46:50,axiom_xyz
2024-04-05 22:46:50,qubic_labs
2024-04-05 22:46:50,AmMomentOrg
2024-04-05 22:46:50,TellChat
2024-04-05 22:46:50,GrowwithGuava
2024-04-05 22:46:50,mrpRyqbiAs
2024-04-05 22:46:50,LouisAnslow
2024-04-05 22:46:50,bounce_bit
2024-04-05 22:46:50,lee_bratcher
2024-04-05 22:46:50,sozuhaus
2024-04-05 22:46:50,salwilliam
2024-04-05 22:46:50,CeloOrg
2024-04-05 22:46:50,Bryptos_
2024-04-05 22:46:50,0xBalloonLover
2024-04-05 22:46:50,ilblackdragon
2024-04-05 22:46:50,variantfund
2024-04-05 22:46:50,interestedfyi
2024-04-05 22:46:50,search?q=%24DEGEN&src=cashtag_click
2024-04-05 22:46:50,DaveMcCormickPA
2024-04-05 22:46:50,optimisticl2s
2024-04-05 22:46:50,DistilledCrypto
2024-04-05 22:46:50,TikTok_us
2024-04-05 22:46:50,thisisoutcast
2024-04-05 22:46:50,txblockchain_
2024-04-05 22:46:50,Paradigm
2024-04-05 22:46:50,RIMOWA
2024-04-05 22:46:50,zkSyncDevs
2024-04-05 22:46:50,BruestleJeremy
2024-04-05 22:46:50,SheilaBair2013
2024-04-05 22:46:50,_whitneywebb
2024-04-05 22:46:50,eigenlayer
2024-04-05 22:46:50,CalBlockchain
2024-04-05 22:46:50,afk0b
2024-04-05 22:46:50,marketplunger1
2024-04-05 22:46:50,NEARProtocol
2024-04-05 22:46:50,i6XvCQ62PW
2024-04-05 22:46:50,TIFFANYANDCO
2024-04-05 22:46:50,she256
2024-04-05 22:46:50,wallyadeyemo
2024-04-05 22:46:50,degentokenbase
2024-04-05 22:46:50,Ozhar
2024-04-05 22:46:50,SteveyGarvey6
2024-04-05 22:46:50,tpfZwEwGiq
2024-04-05 22:46:50,statemindio
2024-04-05 22:46:50,the_matter_labs
2024-04-05 22:46:50,NinaSuthers
2024-04-05 22:46:50,NateAFischer
2024-04-05 22:46:50,blockchaincap
2024-04-05 22:46:50,sKjldBpnbf
2024-04-05 22:46:50,ArchetypeVC
2024-04-05 22:46:50,BreyerCap
2024-04-05 22:46:50,cointelegraph
2024-04-05 22:46:50,marvelgirl_eth
2024-04-05 22:46:50,df8R3n3Xeu
2024-04-05 22:46:50,CaptainSamBrown
2024-04-05 22:46:50,rVOdJUnxQI
2024-04-05 22:46:50,zkSync
2024-04-05 22:46:50,alexarnault
2024-04-05 22:46:50,berniemoreno
2024-04-05 22:46:50,RepLangworthy
2024-04-05 22:46:50,MeganNyvold
2024-04-05 22:46:50,bingxofficial
2024-04-05 22:46:50,TexasBlockchain
2024-04-05 22:46:50,NewFounding
2024-04-05 22:46:50,cognition_labs
2024-04-05 22:46:50,PwgYCwfWIx
2024-04-05 22:46:50,0xMantle
2024-04-05 22:46:50,ConsenSys
2024-04-08 16:53:47,cointelegraph
2024-04-08 16:53:47,tpfZwEwGiq
2024-04-08 16:53:47,the_matter_labs
2024-04-08 16:53:47,qubic_labs
2024-04-08 16:53:47,axiom_xyz
2024-04-08 16:53:47,RiscZero
2024-04-08 16:53:47,oasisonchain
2024-04-08 16:53:47,berniemoreno
2024-04-08 16:53:47,a16z
2024-04-08 16:53:47,TikTok_us
2024-04-08 16:53:47,RIMOWA
2024-04-08 16:53:47,salwilliam
2024-04-08 16:53:47,RISCZero
2024-04-08 16:53:47,bingxofficial
2024-04-08 16:53:47,thisisoutcast
2024-04-08 16:53:47,WestPoint_USMA
2024-04-08 16:53:47,LouisAnslow
2024-04-08 16:53:47,Ozhar
2024-04-08 16:53:47,ichuckcain
2024-04-08 16:53:47,DistilledCrypto
2024-04-08 16:53:47,apples_jimmy
2024-04-08 16:53:47,MikeBenzCyber
2024-04-08 16:53:47,CaptainSamBrown
2024-04-08 16:53:47,0xMantle
2024-04-08 16:53:47,toinfinityai
2024-04-08 16:53:47,CalBlockchain
2024-04-08 16:53:47,TIFFANYANDCO
2024-04-08 16:53:47,0xBalloonLover
2024-04-08 16:53:47,CNN
2024-04-08 16:53:47,NinaSuthers
2024-04-08 16:53:47,she256
2024-04-08 16:53:47,PennFels
2024-04-08 16:53:47,partyhatDAO
2024-04-08 16:53:47,BruestleJeremy
2024-04-08 16:53:47,alexarnault
2024-04-08 16:53:47,AmMomentOrg
2024-04-08 16:53:47,TempleLaw
2024-04-08 16:53:47,Bryptos_
2024-04-08 16:53:47,ilblackdragon
2024-04-08 16:53:47,afk0b
2024-04-08 16:53:47,cognition_labs
2024-04-08 16:53:47,USABMC
2024-04-08 16:53:47,marvelgirl_eth
2024-04-08 16:53:47,degentokenbase
2024-04-08 16:53:47,BounceBitClub
2024-04-08 16:53:47,DavidJUrban
2024-04-08 16:53:47,df8R3n3Xeu
2024-04-08 16:53:47,eigenlayer
2024-04-08 16:53:47,zkSync
2024-04-08 16:53:47,WesternUnion
2024-04-08 16:53:47,MeganNyvold
2024-04-08 16:53:47,realDonaldTrump
2024-04-08 16:53:47,ArchetypeVC
2024-04-08 16:53:47,i6XvCQ62PW
2024-04-08 16:53:47,TexasBlockchain
2024-04-08 16:53:47,SteveyGarvey6
2024-04-08 16:53:47,sozuhaus
2024-04-08 16:53:47,SenateGOP
2024-04-08 16:53:47,interestedfyi
2024-04-08 16:53:47,NEARProtocol
2024-04-08 16:53:47,BreyerCap
2024-04-08 16:53:47,PwgYCwfWIx
2024-04-08 16:53:47,PessimistsArc
2024-04-08 16:53:47,zkSyncDevs
2024-04-08 16:53:47,MattCorva
2024-04-08 16:53:47,blockchaincap
2024-04-08 16:53:47,sKjldBpnbf
2024-04-08 16:53:47,CeloOrg
2024-04-08 16:53:47,vxiFOR9wpN
2024-04-08 16:53:47,search?q=%24DEGEN&src=cashtag_click
2024-04-08 16:53:47,statemindio
2024-04-08 16:53:47,optimisticl2s
2024-04-08 16:53:47,mrpRyqbiAs
2024-04-08 16:53:47,cityofquincy
2024-04-08 16:53:47,DannySursock
2024-04-08 16:53:47,variantfund
2024-04-08 16:53:47,lee_bratcher
2024-04-08 16:53:47,txblockchain_
2024-04-08 16:53:47,101stAASLTDIV
2024-04-08 16:53:47,_whitneywebb
2024-04-08 16:53:47,bounce_bit
2024-04-08 16:53:47,kyleisbased
2024-04-08 16:53:47,ConsenSys
2024-04-08 16:53:47,wallyadeyemo
2024-04-08 16:53:47,RepLangworthy
2024-04-08 16:53:47,FFO_Freedom
2024-04-08 16:53:47,30JgUOkiBD
2024-04-08 16:53:47,USArmy
2024-04-08 16:53:47,TellChat
2024-04-08 16:53:47,GrowwithGuava
2024-04-08 16:53:47,Paradigm
2024-04-08 16:53:47,DaveMcCormickPA
2024-04-08 12:24:02,axiom_xyz
2024-04-08 12:24:02,cointelegraph
2024-04-08 12:24:02,vxiFOR9wpN
2024-04-08 12:24:02,30JgUOkiBD
2024-04-08 12:24:02,realDonaldTrump
2024-04-08 12:24:02,FFO_Freedom
2024-04-08 12:24:02,DavidJUrban
2024-04-08 12:24:02,BruestleJeremy
2024-04-08 12:24:02,mrpRyqbiAs
2024-04-08 12:24:02,PessimistsArc
2024-04-08 12:24:02,WestPoint_USMA
2024-04-08 12:24:02,LouisAnslow
2024-04-08 12:24:02,search?q=%24DEGEN&src=cashtag_click
2024-04-08 12:24:02,101stAASLTDIV
2024-04-08 12:24:02,WesternUnion
2024-04-08 12:24:02,ConsenSys
2024-04-08 12:24:02,RISCZero
2024-04-08 12:24:02,wallyadeyemo
2024-04-08 12:24:02,zkSync
2024-04-08 12:24:02,optimisticl2s
2024-04-08 12:24:02,USABMC
2024-04-08 12:24:02,PennFels
2024-04-08 12:24:02,toinfinityai
2024-04-08 12:24:02,TikTok_us
2024-04-08 12:24:02,SenateGOP
2024-04-08 12:24:02,bingxofficial
2024-04-08 12:24:02,MattCorva
2024-04-08 12:24:02,CNN
2024-04-08 12:24:02,df8R3n3Xeu
2024-04-08 12:24:02,PwgYCwfWIx
2024-04-08 12:24:02,MeganNyvold
2024-04-08 12:24:02,TempleLaw
2024-04-08 12:24:02,Ozhar
2024-04-08 12:24:02,USArmy
2024-04-08 12:24:02,TellChat
2024-04-08 12:24:02,degentokenbase
2024-04-08 12:24:02,MikeBenzCyber
2024-04-08 12:24:02,DistilledCrypto
2024-04-08 12:24:02,the_matter_labs
2024-04-17 13:58:37,MattGarciaEth
2024-04-17 13:58:37,teisenmann
2024-04-17 13:58:37,the_matter_labs
2024-04-17 13:58:37,HyperspaceAI
2024-04-17 13:58:37,0xMantle
2024-04-17 13:58:37,CNN
2024-04-17 13:58:37,AtlanticCouncil
2024-04-17 13:58:37,Indeed
2024-04-17 13:58:37,0xb17z
2024-04-17 13:58:37,NicoleShanahan
2024-04-17 13:58:37,Yexwi4GVqx
2024-04-17 13:58:37,axiom_xyz
2024-04-17 13:58:37,MeganNyvold
2024-04-17 13:58:37,MikeBenzCyber
2024-04-17 13:58:37,WesternUnion
2024-04-17 13:58:37,mrpRyqbiAs
2024-04-17 13:58:37,portageinvest
2024-04-17 13:58:37,JamieMetzl
2024-04-17 13:58:37,goodworkmb
2024-04-17 13:58:37,9haxXb2TRJ
2024-04-17 13:58:37,PennFels
2024-04-17 13:58:37,BruestleJeremy
2024-04-17 13:58:37,search?q=%24DEGEN&src=cashtag_click
2024-04-17 13:58:37,101stAASLTDIV
2024-04-17 13:58:37,Ozhar
2024-04-17 13:58:37,WLCongress
2024-04-17 13:58:37,LouisAnslow
2024-04-17 13:58:37,_whitneywebb
2024-04-17 13:58:37,vxiFOR9wpN
2024-04-17 13:58:37,X
2024-04-17 13:58:37,realDonaldTrump
2024-04-17 13:58:37,kyleisbased
2024-04-17 13:58:37,a16z
2024-04-17 13:58:37,michaelgwee
2024-04-17 13:58:37,partyhatDAO
2024-04-17 13:58:37,alluvialfinance
2024-04-17 13:58:37,PessimistsArc
2024-04-17 13:58:37,sozuhaus
2024-04-17 13:58:37,Coinbase
2024-04-17 13:58:37,DistilledCrypto
2024-04-17 13:58:37,mosync
2024-04-17 13:58:37,FFO_Freedom
2024-04-17 13:58:37,ethglobal
2024-04-17 13:58:37,CryptoTea_
2024-04-17 13:58:37,Osler_Law
2024-04-17 13:58:37,TexasBlockchain
2024-04-17 13:58:37,SbUgcgI2nN
2024-04-17 13:58:37,i6XvCQ62PW
2024-04-17 13:58:37,berniemoreno
2024-04-17 13:58:37,eigenlayer
2024-04-17 13:58:37,Microsoft
2024-04-17 13:58:37,eigen_da
2024-04-17 13:58:37,ConsenSys
2024-04-17 13:58:37,TempleLaw
2024-04-17 13:58:37,AmbJohnBolton
2024-04-17 13:58:37,wallyadeyemo
2024-04-17 13:58:37,ssh_nkar
2024-04-17 13:58:37,qskz1lAHKm
2024-04-17 13:58:37,afk0b
2024-04-17 13:58:37,USArmy
2024-04-17 13:58:37,RibbitCapital
2024-04-17 13:58:37,neil_chilson
2024-04-17 13:58:37,df8R3n3Xeu
2024-04-17 13:58:37,liquid_col
2024-04-17 13:58:37,RiscZero
2024-04-17 13:58:37,jIHEMnjDNT
2024-04-17 13:58:37,GrabSG
2024-04-17 13:58:37,MattCorva
2024-04-17 13:58:37,M3eSpDEAUu
2024-04-17 13:58:37,iamyesyouareno
2024-04-17 13:58:37,FTC
2024-04-17 13:58:37,TellChat
2024-04-17 13:58:37,RenzoProtocol
2024-04-17 13:58:37,liamihorne
2024-04-17 13:58:37,testmachine_ai
2024-04-17 13:58:37,coinbase
2024-04-17 13:58:37,MezoNetwork
2024-04-17 13:58:37,cointelegraph
2024-04-17 13:58:37,SteveyGarvey6
2024-04-17 13:58:37,SenateGOP
2024-04-17 13:58:37,ChrisJBakke
2024-04-17 13:58:37,evanmthomas
2024-04-17 13:58:37,optimisticl2s
2024-04-17 13:58:37,30JgUOkiBD
2024-04-17 13:58:37,lookout
2024-04-17 13:58:37,TikTok_us
2024-04-17 13:58:37,YtLkLOi8fE
2024-04-17 13:58:37,amazon
2024-04-17 13:58:37,PwgYCwfWIx
2024-04-17 13:58:37,USABMC
2024-04-17 13:58:37,Zillow
2024-04-17 13:58:37,toinfinityai
2024-04-17 13:58:37,AvaLabsOfficial
2024-04-17 13:58:37,BOD_Capital
2024-04-17 13:58:37,WHO
2024-04-17 13:58:37,zkSync
2024-04-17 13:58:37,Wealthsimple
2024-04-17 13:58:37,DavidJUrban
2024-04-17 13:58:37,AlinejadMasih
2024-04-17 13:58:37,degentokenbase
2024-04-17 13:58:37,WestPoint_USMA
2024-04-17 13:58:37,optimism
2024-04-17 13:58:37,bingxofficial
2024-04-17 13:58:37,RISCZero
2024-04-17 13:58:37,lyft
2024-05-03 17:09:36,0xRaiden
2024-05-03 17:09:36,WG9STuv79d
2024-05-03 17:09:36,BlackrockNeuro_
2024-05-03 17:09:36,seanpk
2024-05-03 17:09:36,MocaverseNFT
2024-05-03 17:09:36,FreedomBoxFndn
2024-05-03 17:09:36,InitCapital_
2024-05-03 17:09:36,TreeTokenEth
2024-05-03 17:09:36,Sequoia
2024-05-03 17:09:36,fillymarcus
2024-05-03 17:09:36,rJKbq8TrRB
2024-05-03 17:09:36,KyleAnzalone_
2024-05-03 17:09:36,SecretNetwork
2024-05-03 17:09:36,spellbornegame
2024-05-03 17:09:36,wNjTT0zzzo
2024-05-03 17:09:36,NodeOps_App
2024-05-03 17:09:36,delphi_ventures
2024-05-03 17:09:36,viswanathpramod
2024-05-03 17:09:36,eigenfoundation
2024-05-03 17:09:36,ParticleNtwrk
2024-05-03 17:09:36,RiscZeroDevs
2024-05-03 17:09:36,dyorcryptoapp
2024-05-03 17:09:36,Snap
2024-05-03 17:09:36,GuyZys
2024-05-03 17:09:36,Consensys
2024-05-03 17:09:36,DeFi_Cheetah
2024-05-03 17:09:36,thomasschulzz
2024-05-03 17:09:36,VLJvj7eUIn
2024-05-03 17:09:36,linear
2024-05-03 17:09:36,XNy65c4rPo
2024-05-03 17:09:36,ucyLn1GNdt
2024-05-03 17:09:36,LibertarianInst
2024-05-03 17:09:36,telegram
2024-05-03 17:09:36,WillametteLaw
2024-05-03 17:09:36,V85u14KX34
2024-05-03 17:09:36,TXblockchain_
2024-05-03 17:09:36,durov
2024-05-03 17:09:36,DecampDave
2024-05-03 17:09:36,replicatehq
2024-05-03 17:09:36,eyeslasho
2024-05-03 17:09:36,ZeMariaMacedo
2024-05-03 17:09:36,libertarianinst
2024-05-03 17:09:36,TheWillPorter
2024-05-03 17:09:36,NanaMurugesan
2024-05-03 17:09:36,Con_Interest
2024-05-03 17:09:36,middeskhq
2024-05-03 17:09:36,LSQFYxLeEK
2024-05-03 17:09:36,medialab
2024-05-03 17:09:36,nillionnetwork
2024-05-03 17:09:36,TheMMTNetwork
2024-05-03 17:09:36,antiwarcom
2024-05-03 17:09:36,aLOJywG5Su
2024-05-03 17:09:36,hfKUe6vqNi
2024-05-03 17:09:36,FreemansMind96
2024-05-03 17:09:36,stephzhan
2024-05-03 17:09:36,JVCMTzBleL
2024-05-03 17:09:36,scotthortonshow
2024-05-03 17:09:36,delphi_labs
2024-05-03 17:09:36,GearboxProtocol
2024-05-03 17:09:36,hi_reverie
2024-05-03 17:09:36,vkontakte
2024-05-03 17:09:36,GtJ06SV5TK
2024-05-03 17:09:36,qBx7xi7Qrd
2024-05-03 17:09:36,lukedelphi
2024-05-03 17:09:36,tookerkurlson
2024-05-03 17:09:36,brevis_zk
2024-05-03 17:09:36,FhenixIO
2024-05-03 17:09:36,search?q=%24TOOKER&src=cashtag_click
2024-05-03 17:09:36,rjdrost
2024-05-03 17:09:36,yAYBHPQ070
2024-05-03 17:09:36,fededaffina
2024-05-03 17:09:36,DARPA
2024-05-03 17:09:36,Tree_of_Alpha
2024-05-03 17:09:36,EconsDesign
2024-05-03 17:09:36,hmalviya9
2024-05-03 17:09:36,ggchronicles_
2024-05-03 17:09:36,7gioeth
2024-05-03 17:09:36,MehdiHasan715
2024-05-03 17:09:36,MIT
2024-05-03 17:09:36,rohangrey
2024-05-03 17:09:36,News_Of_Alpha
2024-05-03 17:09:36,recroom
2024-05-08 17:19:04,ucyLn1GfnV
2024-05-08 17:19:04,fun
2024-05-08 17:19:04,Stanford
2024-05-08 17:19:04,AlexKFine
2024-05-08 17:19:04,entropydotxyz
2024-05-08 17:19:04,Windscar1001
2024-05-08 17:19:04,__tux
2024-05-10 16:18:31,MikeRogersForMI
2024-05-10 16:18:31,y00tsNFT
2024-05-10 16:18:31,frankdegods
2024-05-10 16:18:31,FSCDems
2024-05-10 16:18:31,SheehyforMT
2024-05-10 16:18:31,techcrunch
2024-05-10 16:18:31,pivotglobal_xyz
2024-05-10 16:18:31,degodsnft
2024-05-10 16:18:31,0xPolygon
2024-05-10 16:18:31,TivoZK
2024-05-10 16:18:31,HouseIntel
2024-05-10 16:18:31,globalcoinrsrch
2024-05-10 16:18:31,sinahab
2024-05-10 16:18:31,RepWileyNickel
2024-05-10 16:18:31,MihailoBjelic
2024-05-10 16:18:31,g3TNHykGM0
2024-05-10 16:18:31,RepCaraveoMD
2024-05-10 16:18:31,harvard
2024-05-10 16:18:31,rufusgifford
2024-05-10 16:18:31,EthosVentures
2024-05-10 16:18:31,merrillynch
2024-05-10 16:18:31,JoyceInNYC
2024-05-15 13:49:17,KariLake
2024-05-15 13:49:17,dualityxyz
2024-05-15 13:49:17,FootballMCCats
2024-05-15 13:49:17,ishaan0x
2024-05-15 13:49:17,jump_
2024-05-15 13:49:17,avalabs
2024-05-15 13:49:17,search?q=%24BTC&src=cashtag_click
2024-05-15 13:49:17,LadyTraderRa
2024-05-15 13:49:17,JajlyS8gnF
2024-05-20 19:59:29,Eidon_AI
2024-05-20 19:59:29,anthropicai
2024-05-20 19:59:29,GoogleCloud
2024-05-20 19:59:29,artifact_news
2024-05-20 19:59:29,theSamPadilla
2024-05-20 19:59:29,4gWTj7wCvB
2024-05-20 19:59:29,mikeyk
2024-05-20 19:59:29,inter4pod
2024-05-20 19:59:29,ATXDAO
2024-05-20 19:59:29,IvanhoeElectric
2024-05-20 19:59:29,IvanhoeMines_
2024-05-20 19:59:29,robert_ivanhoe
2024-05-20 19:59:29,GlueAI
2024-05-20 19:59:29,instagram
2024-05-22 17:16:52,HomelandGOP
2024-05-22 17:16:52,JasonHitchcock
2024-05-22 17:16:52,cyantist
2024-05-22 17:16:52,opolis
2024-05-22 17:16:52,convergenc_fi
2024-05-22 17:16:52,RepMarkGreen
2024-05-22 17:16:52,fourmoonsllc
2024-05-22 17:16:52,RealSaavedra
2024-05-22 17:16:52,_buildspace
2024-05-22 17:16:52,thirdweb
2024-05-22 17:16:52,curvance
2024-05-22 17:16:52,uSqtEEfUf3
2024-05-22 17:16:52,prismafi
2024-05-22 17:16:52,Columbia
2024-05-22 17:16:52,brettpalatiello
2024-05-22 17:16:52,longjourneyvc
2024-05-22 17:16:52,gashawkio
2024-05-22 17:16:52,realDailyWire
2024-05-22 17:16:52,zeet_co
2024-05-22 17:16:52,eigen_labs
2024-05-24 14:33:46,Rep_Peltola
2024-05-24 14:33:46,plumenetwork
2024-05-24 14:33:46,HaunVentures
2024-05-24 14:33:46,dba_crypto
2024-05-24 14:33:46,Superscrypt
2024-05-24 14:33:46,galaxyhq
2024-05-24 20:30:26,mud2monarch
