2024-04-05 23:16:11,PaimaStudios
2024-04-05 23:16:11,LivepeerOrg
2024-04-05 23:16:11,leptokurtic_
2024-04-05 23:16:11,sambino_eth
2024-04-05 23:16:11,ALJ1NXya61
2024-04-05 23:16:11,tonk_gg
2024-04-05 23:16:11,aSPTrccaby
2024-04-05 23:16:11,BretWeinstein
2024-04-05 23:16:11,verge
2024-04-05 23:16:11,jozanza
2024-04-05 23:16:11,CAOFUlsibq
2024-04-05 23:16:11,fwbtweets
2024-04-05 23:16:11,AlexBoogie
2024-04-05 23:16:11,ColumbiaIGP
2024-04-05 23:16:11,ethena_labs
2024-04-05 23:16:11,6thManVentures
2024-04-05 23:16:11,avax
2024-04-05 23:16:11,GamingOnAvax
2024-04-05 23:16:11,PressStartCap
2024-04-05 23:16:11,SGJohnsson
2024-04-05 23:16:11,thirdweb
2024-04-05 23:16:11,getgrass_io
2024-04-05 23:16:11,bluebite
2024-04-05 23:16:11,GlobalHProject
2024-04-05 23:16:11,coinbase
2024-04-05 23:16:11,K6TJbWECRJ
2024-04-05 23:16:11,JasminKParis
2024-04-05 23:16:11,festiverseclub
2024-04-05 23:16:11,Worlds_AA
2024-04-05 23:16:11,eidYL7oDfs
2024-04-05 23:16:11,safaryclub
2024-04-05 23:16:11,bitfish1
2024-04-05 23:16:11,jarrodWattsDev
2024-04-05 23:16:11,lightspeedpodhq
2024-04-05 23:16:11,PlaymintUK
2024-04-05 23:16:11,0xPolygon
2024-04-05 23:16:11,Stacks
2024-04-05 23:16:11,DownstreamGame
2024-04-05 23:16:11,TheAtlantic
2024-04-05 23:16:11,KimGhattas
2024-04-05 23:16:11,gguncharted
2024-04-05 23:16:11,games_fray
2024-04-05 23:16:11,MR29INKdqh
2024-04-05 23:16:11,CoinDesk
2024-04-05 23:16:11,Palworld_EN
2024-04-05 23:16:11,AnimocaBrands
2024-04-05 23:16:11,41R8wG8na2
2024-04-05 23:16:11,viewfromhk
2024-04-05 23:16:11,BagsApp
2024-04-05 23:16:11,ParsecTeam
2024-04-05 23:16:11,gpYHEoXV1B
2024-04-05 23:16:11,CarlKVogel
2024-04-05 23:16:11,Phantom
2024-04-05 23:16:11,tomwarren
2024-04-05 23:16:11,xcopyart
2024-04-05 23:16:11,cupcakeprotocol
2024-04-05 23:16:11,heliuslabs
2024-04-05 23:16:11,christine_dkim
2024-04-05 23:16:11,steve_pemb
2024-04-05 23:16:11,redstonexyz
2024-04-05 23:16:11,dotdotfan
2024-04-05 23:16:11,tryPluid
2024-04-05 23:16:11,barclaysCIB
2024-04-05 23:16:11,avsvD21UT9
2024-04-05 23:16:11,x5WqgyEaSq
2024-04-05 23:16:11,averydennison
2024-04-05 23:16:11,oma3dao
2024-04-05 23:16:11,GangsterArena
2024-04-05 23:16:11,GAM3Sgg_
2024-04-05 23:16:11,0xMert_
2024-04-05 23:16:11,galaxyhq
2024-04-05 23:16:11,davispolk
2024-04-05 23:16:11,makegamesfast
2024-04-05 23:16:11,Pokemon
2024-04-05 23:16:11,KLVeritas
2024-04-05 23:16:11,Treasure_DAO
2024-04-05 23:16:11,TrustMachinesco
2024-04-05 23:16:11,muneeb
2024-04-05 23:16:11,gtmcknight
2024-04-08 17:12:15,GangsterArena
2024-04-08 17:12:15,Pokemon
2024-04-08 17:12:15,lightspeedpodhq
2024-04-08 17:12:15,PaimaStudios
2024-04-08 17:12:15,xcopyart
2024-04-08 17:12:15,ColumbiaIGP
2024-04-08 17:12:15,x5WqgyEaSq
2024-04-08 17:12:15,LivepeerOrg
2024-04-08 17:12:15,jozanza
2024-04-08 17:12:15,bluebite
2024-04-08 17:12:15,Palworld_EN
2024-04-08 17:12:15,JasminKParis
2024-04-08 17:12:15,0xMert_
2024-04-08 17:12:15,muneeb
2024-04-08 17:12:15,cupcakeprotocol
2024-04-08 17:12:15,fwbtweets
2024-04-08 17:12:15,bitfish1
2024-04-08 17:12:15,viewfromhk
2024-04-08 17:12:15,thirdweb
2024-04-08 17:12:15,heliuslabs
2024-04-08 17:12:15,dotdotfan
2024-04-08 17:12:15,festiverseclub
2024-04-08 17:12:15,getgrass_io
2024-04-08 17:12:15,safaryclub
2024-04-08 17:12:15,CoinDesk
2024-04-08 17:12:15,tryPluid
2024-04-08 17:12:15,41R8wG8na2
2024-04-08 17:12:15,0xPolygon
2024-04-08 17:12:15,davispolk
2024-04-08 17:12:15,AlexBoogie
2024-04-08 17:12:15,gpYHEoXV1B
2024-04-08 17:12:15,CarlKVogel
2024-04-08 17:12:15,GlobalHProject
2024-04-08 17:12:15,sambino_eth
2024-04-08 17:12:15,KLVeritas
2024-04-08 17:12:15,makegamesfast
2024-04-08 17:12:15,KimGhattas
2024-04-08 17:12:15,PlaymintUK
2024-04-08 17:12:15,CAOFUlsibq
2024-04-08 17:12:15,galaxyhq
2024-04-08 17:12:15,Worlds_AA
2024-04-08 17:12:15,TrustMachinesco
2024-04-08 17:12:15,aSPTrccaby
2024-04-08 17:12:15,tomwarren
2024-04-08 17:12:15,eidYL7oDfs
2024-04-08 17:12:15,steve_pemb
2024-04-08 17:12:15,K6TJbWECRJ
2024-04-08 17:12:15,games_fray
2024-04-08 17:12:15,SGJohnsson
2024-04-08 17:12:15,BagsApp
2024-04-08 17:12:15,leptokurtic_
2024-04-08 17:12:15,averydennison
2024-04-08 17:12:15,Treasure_DAO
2024-04-08 17:12:15,ALJ1NXya61
2024-04-08 17:12:15,MR29INKdqh
2024-04-08 17:12:15,ParsecTeam
2024-04-08 17:12:15,Phantom
2024-04-08 17:12:15,barclaysCIB
2024-04-08 17:12:15,TheAtlantic
2024-04-08 17:12:15,GAM3Sgg_
2024-04-08 17:12:15,christine_dkim
2024-04-08 17:12:15,avax
2024-04-08 17:12:15,Stacks
2024-04-08 17:12:15,GamingOnAvax
2024-04-08 17:12:15,tonk_gg
2024-04-08 17:12:15,PressStartCap
2024-04-08 17:12:15,DownstreamGame
2024-04-08 17:12:15,verge
2024-04-08 17:12:15,jarrodWattsDev
2024-04-08 17:12:15,6thManVentures
2024-04-08 17:12:15,avsvD21UT9
2024-04-08 17:12:15,gtmcknight
2024-04-08 17:12:15,AnimocaBrands
2024-04-08 17:12:15,ethena_labs
2024-04-08 17:12:15,gguncharted
2024-04-08 17:12:15,BretWeinstein
2024-04-08 17:12:15,redstonexyz
2024-04-08 17:12:15,oma3dao
2024-04-17 14:21:46,SGJohnsson
2024-04-17 14:21:46,CAOFUlsibq
2024-04-17 14:21:46,Oculus
2024-04-17 14:21:46,games_fray
2024-04-17 14:21:46,gguncharted
2024-04-17 14:21:46,bkase_
2024-04-17 14:21:46,bitfish1
2024-04-17 14:21:46,makegamesfast
2024-04-17 14:21:46,Pokemon
2024-04-17 14:21:46,K6TJbWECRJ
2024-04-17 14:21:46,heliuslabs
2024-04-17 14:21:46,zksecurityXYZ
2024-04-17 14:21:46,bluebite
2024-04-17 14:21:46,lightspeedpodhq
2024-04-17 14:21:46,redstonexyz
2024-04-17 14:21:46,0xMert_
2024-04-17 14:21:46,getgrass_io
2024-04-17 14:21:46,sambino_eth
2024-04-17 14:21:46,christine_dkim
2024-04-17 14:21:46,JasminKParis
2024-04-17 14:21:46,safaryclub
2024-04-17 14:21:46,DownstreamGame
2024-04-17 14:21:46,CoinDesk
2024-04-17 14:21:46,MoonwellDeFi
2024-04-17 14:21:46,eidYL7oDfs
2024-04-17 14:21:46,PaimaStudios
2024-04-17 14:21:46,ethena_labs
2024-04-17 14:21:46,ALJ1NXya61
2024-04-17 14:21:46,a16z
2024-04-17 14:21:46,Treasure_DAO
2024-04-17 14:21:46,BretWeinstein
2024-04-17 14:21:46,41R8wG8na2
2024-04-17 14:21:46,galaxyhq
2024-04-17 14:21:46,AlexBoogie
2024-04-17 14:21:46,festiverseclub
2024-04-17 14:21:46,tonk_gg
2024-04-17 14:21:46,Worlds_AA
2024-04-17 14:21:46,Anduriltech
2024-04-17 14:21:46,steve_pemb
2024-04-17 14:21:46,PalmerLuckey
2024-04-17 14:21:46,tomwarren
2024-04-17 14:21:46,gtmcknight
2024-04-17 14:21:46,ParsecTeam
2024-04-17 14:21:46,MinaProtocol
2024-04-17 14:21:46,barclaysCIB
2024-04-17 14:21:46,GAM3Sgg_
2024-04-17 14:21:46,Phantom
2024-04-17 14:21:46,muneeb
2024-04-17 14:21:46,Stacks
2024-04-17 14:21:46,KTmBoyle
2024-04-17 14:21:46,tryPluid
2024-04-17 14:21:46,PressStartCap
2024-04-17 14:21:46,PlaymintUK
2024-04-17 14:21:46,MR29INKdqh
2024-04-17 14:21:46,gpYHEoXV1B
2024-04-17 14:21:46,avax
2024-04-17 14:21:46,GangsterArena
2024-04-17 14:21:46,Palworld_EN
2024-04-17 14:21:46,LivepeerOrg
2024-04-17 14:21:46,davispolk
2024-04-17 14:21:46,gensynai
2024-04-17 14:21:46,cupcakeprotocol
2024-04-17 14:21:46,o1_labs
2024-04-17 14:21:46,xcopyart
2024-04-17 14:21:46,jozanza
2024-04-17 14:21:46,KLVeritas
2024-04-17 14:21:46,leptokurtic_
2024-04-17 14:21:46,dotdotfan
2024-04-17 14:21:46,verge
2024-04-17 14:21:46,avsvD21UT9
2024-04-17 14:21:46,x5WqgyEaSq
2024-04-17 14:21:46,GamingOnAvax
2024-04-17 14:21:46,TrustMachinesco
2024-04-17 14:21:46,fwbtweets
2024-04-17 14:21:46,averydennison
2024-04-17 14:21:46,GlobalHProject
2024-04-17 14:21:46,aSPTrccaby
