2024-04-05 21:43:04,embody_space
2024-04-05 21:43:04,bweys_nft
2024-04-05 21:43:04,tatianakoffman
2024-04-05 21:43:04,0xBunzy
2024-04-05 21:43:04,BodoggosNFT
2024-04-05 21:43:04,CozomoMedici
2024-04-05 21:43:04,MythOfMoney
2024-04-05 21:43:04,banditsbtc
2024-04-05 21:43:04,tbtc_project
2024-04-05 21:43:04,1616665443380658178
2024-04-05 21:43:04,Harvard
2024-04-05 21:43:04,a16z
2024-04-05 21:43:04,MoonwalkerCap
2024-04-05 21:43:04,MoonOverlord
2024-04-05 21:43:04,realMaskNetwork
2024-04-05 21:43:04,allnick
2024-04-05 21:43:04,GoldmanSachs
2024-04-05 21:43:04,Mathilda_Sun_
2024-04-05 21:43:04,cozymaximalist
2024-04-05 21:43:04,Ninjalerts
2024-04-05 21:43:04,hitnetwork_
2024-04-05 21:43:04,taho_xyz
2024-04-05 21:43:04,BinanceLabs
2024-04-05 21:43:04,amandaterry
2024-04-05 21:43:04,GalaxyDigitalHQ
2024-04-05 21:43:04,Go0gpwHRHb
2024-04-05 21:43:04,JasonSoraVC
2024-04-05 21:43:04,dogeclaren
2024-04-05 21:43:04,dominik0_
2024-04-05 21:43:04,imperialcollege
2024-04-05 21:43:04,room110_
2024-04-05 21:43:04,MagicEden
2024-04-05 21:43:04,ChrisCoffeeEth
2024-04-05 21:43:04,NTUsg
2024-04-05 21:43:04,metagoodnft
2024-04-05 21:43:04,build_on_bob
2024-04-05 21:43:04,HillaryAdler
2024-04-05 21:43:04,coinbase
2024-04-05 21:43:04,bchainbasement
2024-04-05 21:43:04,mullet_punks
2024-04-05 21:43:04,MrsDeeze
2024-04-05 21:43:04,etcherBTC
2024-04-05 21:43:04,dhaber
2024-04-05 21:43:04,nftnow
2024-04-05 21:43:04,interlayHQ
2024-04-05 21:43:04,LtNsM8TzU8
2024-04-05 21:43:04,libredotorg
2024-04-05 21:43:04,BTCFrontierFund
2024-04-05 21:43:04,uwaterloo
2024-04-05 21:43:04,niftyportal
2024-04-05 21:43:04,gbmedici
2024-04-05 21:43:04,wdgoOYBDlS
2024-04-05 21:43:04,QwQiao
2024-04-05 21:43:04,DiscoverCrypto_
2024-04-05 21:43:04,search?q=%24SOL&src=cashtag_click
2024-04-05 21:43:04,ocmdao
2024-04-05 21:43:04,bitboy_crypto
2024-04-05 21:43:04,100kAintNoMoney
2024-04-05 21:43:04,onbondstreet
2024-04-05 21:43:04,4moonsettler
2024-04-05 21:43:04,CelestiaOrg
2024-04-05 21:43:04,alliancedao
2024-04-05 21:43:04,bitcoinmagazine
2024-04-05 21:43:04,search?q=%24ETH&src=cashtag_click
2024-04-05 21:43:04,VnY2CPKcJk
2024-04-05 21:43:04,sora_ventures
2024-04-05 21:43:04,MezoNetwork
2024-04-05 21:43:04,goasymmetric
2024-04-05 21:43:04,atb_daily
2024-04-05 21:43:04,bt_chick
2024-04-05 21:43:04,M1LZ7
2024-04-05 21:43:04,Kraken
2024-04-05 21:43:04,ACTAIVentures
2024-04-05 21:43:04,UTXOmgmt
2024-04-05 21:43:04,wedoalittlepod
2024-04-05 21:43:04,bensig
2024-04-05 21:43:04,BitPaine
2024-04-05 21:43:04,jenfteach
2024-04-05 21:43:04,search?q=%24BTC&src=cashtag_click
2024-04-05 21:43:04,realjulialove
2024-04-05 21:43:04,thesis_co
2024-04-05 21:43:04,messaricrypto
2024-04-05 21:43:04,super_testnet
2024-04-05 21:43:04,void_the_dev
2024-04-05 21:43:04,bitcoincass
2024-04-05 21:43:04,vFZF03OlUR
2024-04-05 21:43:04,osura_com
2024-04-05 21:43:04,greybtc
2024-04-05 21:43:04,mayurgupta77
2024-04-05 21:43:04,BitcoinLayers
2024-04-05 21:43:04,ddpFTW
2024-04-05 21:43:04,frankie_candles
2024-04-05 21:43:04,awscloud
2024-04-05 21:43:04,OnChainMonkey
2024-04-05 21:43:04,shillrxyz
2024-04-05 21:43:04,Hannahughes_
2024-04-05 21:43:04,omnisats
2024-04-05 21:43:04,SparkCapital
2024-04-05 21:43:04,nickwh8te
2024-04-05 21:43:04,RussellOkung
2024-04-05 21:43:04,mikemcglone11
2024-04-05 21:43:04,adultarts
2024-04-05 21:43:04,fold_app
2024-04-05 21:43:04,DeeZe
2024-04-05 21:43:04,kdean
2024-04-05 21:43:04,l3VmRrQYfM
2024-04-05 21:43:04,LukeYoungblood
2024-04-05 21:43:04,MoonwellDeFi
2024-04-05 21:43:04,sidazhang
2024-04-05 21:43:04,S7orIU8Z62
<<<<<<< HEAD
2024-04-08 16:20:49,coinbase
2024-04-08 16:20:49,hitnetwork_
2024-04-08 16:20:49,frankie_candles
2024-04-08 16:20:49,amandaterry
2024-04-08 16:20:49,M1LZ7
2024-04-08 16:20:49,dhaber
2024-04-08 16:20:49,RussellOkung
2024-04-08 16:20:49,build_on_bob
2024-04-08 16:20:49,a16z
2024-04-08 16:20:49,search?q=%24ETH&src=cashtag_click
2024-04-08 16:20:49,BitPaine
2024-04-08 16:20:49,Harvard
2024-04-08 16:20:49,dominik0_
2024-04-08 16:20:49,dogeclaren
2024-04-08 16:20:49,ApeironNFT
2024-04-08 16:20:49,sora_ventures
2024-04-08 16:20:49,realjulialove
2024-04-08 16:20:49,embody_space
2024-04-08 16:20:49,Mathilda_Sun_
2024-04-08 16:20:49,UTXOmgmt
2024-04-08 16:20:49,DiscoverCrypto_
2024-04-08 16:20:49,GalaxyDigitalHQ
2024-04-08 16:20:49,nickwh8te
2024-04-08 16:20:49,BodoggosNFT
2024-04-08 16:20:49,cozymaximalist
2024-04-08 16:20:49,bt_chick
2024-04-08 16:20:49,LtNsM8TzU8
2024-04-08 16:20:49,ACTAIVentures
2024-04-08 16:20:49,interlayHQ
2024-04-08 16:20:49,JasonSoraVC
2024-04-08 16:20:49,adultarts
2024-04-08 16:20:49,taho_xyz
2024-04-08 16:20:49,vFZF03OlUR
2024-04-08 16:20:49,super_testnet
2024-04-08 16:20:49,search?q=%24SOL&src=cashtag_click
2024-04-08 16:20:49,messaricrypto
2024-04-08 16:20:49,GoldmanSachs
2024-04-08 16:20:49,void_the_dev
2024-04-08 16:20:49,realMaskNetwork
2024-04-08 16:20:49,VnY2CPKcJk
2024-04-08 16:20:49,StoryProtocol
2024-04-08 16:20:49,atb_daily
2024-04-08 16:20:49,ocmdao
2024-04-08 16:20:49,room110_
2024-04-08 16:20:49,metagoodnft
2024-04-08 16:20:49,S7orIU8Z62
2024-04-08 16:20:49,Hannahughes_
2024-04-08 16:20:49,tbtc_project
2024-04-08 16:20:49,greybtc
2024-04-08 16:20:49,MoonwalkerCap
2024-04-08 16:20:49,MezoNetwork
2024-04-08 16:20:49,l3VmRrQYfM
2024-04-08 16:20:49,CozomoMedici
2024-04-08 16:20:49,BTCFrontierFund
2024-04-08 16:20:49,alliancedao
2024-04-08 16:20:49,Ninjalerts
2024-04-08 16:20:49,jenfteach
2024-04-08 16:20:49,MythOfMoney
2024-04-08 16:20:49,OnChainMonkey
2024-04-08 16:20:49,SparkCapital
2024-04-08 16:20:49,glass_markets
2024-04-08 16:20:49,bitcoincass
2024-04-08 16:20:49,wdgoOYBDlS
2024-04-08 16:20:49,Skyarks
2024-04-08 16:20:49,bchainbasement
2024-04-08 16:20:49,MagicEden
2024-04-08 16:20:49,omnisats
2024-04-08 16:20:49,MattyIceCO
2024-04-08 16:20:49,goldmine_tools
2024-04-08 16:20:49,LukeYoungblood
2024-04-08 16:20:49,bitboy_crypto
2024-04-08 16:20:49,bweys_nft
2024-04-08 16:20:49,imperialcollege
2024-04-08 16:20:49,onbondstreet
2024-04-08 16:20:49,banditsbtc
2024-04-08 16:20:49,mullet_punks
2024-04-08 16:20:49,NTUsg
2024-04-08 16:20:49,awscloud
2024-04-08 16:20:49,4moonsettler
2024-04-08 16:20:49,bitcoinmagazine
2024-04-08 16:20:49,iamjosephyoung
2024-04-08 16:20:49,nftnow
2024-04-08 16:20:49,MobyHQ
2024-04-08 16:20:49,gbmedici
2024-04-08 16:20:49,niftyportal
2024-04-08 16:20:49,thesis_co
2024-04-08 16:20:49,BitcoinLayers
2024-04-08 16:20:49,100kAintNoMoney
2024-04-08 16:20:49,sidazhang
2024-04-08 16:20:49,search?q=%24BTC&src=cashtag_click
2024-04-08 16:20:49,ddpFTW
2024-04-08 16:20:49,ChrisCoffeeEth
2024-04-08 16:20:49,HillaryAdler
2024-04-08 16:20:49,0xBunzy
2024-04-08 16:20:49,kdean
2024-04-08 16:20:49,CelestiaOrg
2024-04-08 16:20:49,MoonwellDeFi
2024-04-08 16:20:49,BinanceLabs
2024-04-08 16:20:49,MoonOverlord
2024-04-08 16:20:49,uwaterloo
2024-04-08 16:20:49,etcherBTC
2024-04-08 16:20:49,allnick
2024-04-08 16:20:49,tatianakoffman
2024-04-08 16:20:49,QwQiao
2024-04-08 16:20:49,osura_com
2024-04-08 16:20:49,goasymmetric
2024-04-08 16:20:49,fold_app
=======
2024-04-08 12:02:15,awscloud
2024-04-08 12:02:15,kdean
2024-04-08 12:02:15,Mathilda_Sun_
2024-04-08 12:02:15,greybtc
2024-04-08 12:02:15,adultarts
2024-04-08 12:02:15,LukeYoungblood
2024-04-08 12:02:15,S7orIU8Z62
2024-04-08 12:02:15,HillaryAdler
2024-04-08 12:02:15,ddpFTW
2024-04-08 12:02:15,MattyIceCO
2024-04-08 12:02:15,MagicEden
2024-04-08 12:02:15,NTUsg
2024-04-08 12:02:15,niftyportal
2024-04-08 12:02:15,coinbase
2024-04-08 12:02:15,realMaskNetwork
2024-04-08 12:02:15,room110_
2024-04-08 12:02:15,cozymaximalist
2024-04-08 12:02:15,ACTAIVentures
2024-04-08 12:02:15,MythOfMoney
2024-04-08 12:02:15,MezoNetwork
2024-04-08 12:02:15,nickwh8te
2024-04-08 12:02:15,MoonwalkerCap
2024-04-08 12:02:15,BitcoinLayers
2024-04-08 12:02:15,iamjosephyoung
2024-04-08 12:02:15,bt_chick
2024-04-08 12:02:15,gbmedici
2024-04-08 12:02:15,omnisats
2024-04-08 12:02:15,OnChainMonkey
2024-04-08 12:02:15,4moonsettler
2024-04-08 12:02:15,MobyHQ
2024-04-08 12:02:15,dogeclaren
2024-04-08 12:02:15,bitboy_crypto
2024-04-08 12:02:15,Hannahughes_
2024-04-08 12:02:15,osura_com
2024-04-08 12:02:15,a16z
2024-04-08 12:02:15,metagoodnft
2024-04-08 12:02:15,allnick
2024-04-08 12:02:15,CelestiaOrg
2024-04-08 12:02:15,BinanceLabs
2024-04-08 12:02:15,BodoggosNFT
2024-04-08 12:02:15,etcherBTC
2024-04-08 12:02:15,search?q=%24SOL&src=cashtag_click
2024-04-08 12:02:15,GoldmanSachs
2024-04-08 12:02:15,glass_markets
2024-04-08 12:02:15,void_the_dev
2024-04-08 12:02:15,bweys_nft
2024-04-08 12:02:15,DiscoverCrypto_
2024-04-08 12:02:15,M1LZ7
2024-04-08 12:02:15,banditsbtc
2024-04-08 12:02:15,hitnetwork_
2024-04-08 12:02:15,build_on_bob
2024-04-08 12:02:15,sidazhang
2024-04-08 12:02:15,imperialcollege
2024-04-08 12:02:15,dominik0_
2024-04-08 12:02:15,bchainbasement
2024-04-08 12:02:15,ApeironNFT
2024-04-08 12:02:15,messaricrypto
2024-04-08 12:02:15,vFZF03OlUR
2024-04-08 12:02:15,tbtc_project
2024-04-08 12:02:15,RussellOkung
2024-04-08 12:02:15,MoonOverlord
2024-04-08 12:02:15,alliancedao
2024-04-08 12:02:15,MoonwellDeFi
2024-04-08 12:02:15,search?q=%24BTC&src=cashtag_click
2024-04-08 12:02:15,search?q=%24ETH&src=cashtag_click
2024-04-08 12:02:15,Ninjalerts
2024-04-08 12:02:15,SparkCapital
2024-04-08 12:02:15,CozomoMedici
2024-04-08 12:02:15,0xBunzy
2024-04-08 12:02:15,atb_daily
2024-04-08 12:02:15,amandaterry
2024-04-08 12:02:15,realjulialove
2024-04-08 12:02:15,interlayHQ
2024-04-08 12:02:15,frankie_candles
2024-04-08 12:02:15,onbondstreet
2024-04-08 12:02:15,VnY2CPKcJk
2024-04-08 12:02:15,l3VmRrQYfM
2024-04-08 12:02:15,embody_space
2024-04-08 12:02:15,taho_xyz
2024-04-08 12:02:15,100kAintNoMoney
2024-04-08 12:02:15,BitPaine
2024-04-08 12:02:15,ocmdao
2024-04-08 12:02:15,QwQiao
2024-04-08 12:02:15,BTCFrontierFund
2024-04-08 12:02:15,LtNsM8TzU8
2024-04-08 12:02:15,Skyarks
2024-04-08 12:02:15,thesis_co
2024-04-08 12:02:15,Harvard
2024-04-08 12:02:15,goldmine_tools
2024-04-08 12:02:15,tatianakoffman
2024-04-08 12:02:15,ChrisCoffeeEth
2024-04-08 12:02:15,nftnow
2024-04-08 12:02:15,wdgoOYBDlS
2024-04-08 12:02:15,dhaber
2024-04-08 12:02:15,StoryProtocol
2024-04-08 12:02:15,uwaterloo
2024-04-08 12:02:15,mullet_punks
2024-04-08 12:02:15,jenfteach
2024-04-08 12:02:15,goasymmetric
2024-04-08 12:02:15,fold_app
>>>>>>> 637e273 (ync output/ output2/)
