2024-04-05 21:37:34,ColosseumOrg
2024-04-05 21:37:34,W6fN5Ptwfw
2024-04-05 21:37:34,openzeppelin
2024-04-05 21:37:34,goodwinlaw
2024-04-05 21:37:34,_0xNinja_
2024-04-05 21:37:34,knveth
2024-04-05 21:37:34,DrewAustin
2024-04-05 21:37:34,DylanAbruscato
2024-04-05 21:37:34,RedBeardVC
2024-04-05 21:37:34,CgaoMfhUHd
2024-04-05 21:37:34,search?q=%24ORN&src=cashtag_click
2024-04-05 21:37:34,l2beat
2024-04-05 21:37:34,lfg_org
2024-04-05 21:37:34,cryptothegame_
2024-04-05 21:37:34,HERDAOIndia
2024-04-05 21:37:34,WadeandWendy
2024-04-05 21:37:34,alignedlayer
2024-04-05 21:37:34,hqtrivia
2024-04-05 21:37:34,Valist_io
2024-04-05 21:37:34,Solana
2024-04-05 21:37:34,gham1lt0n
2024-04-05 21:37:34,BanklessVC
2024-04-05 21:37:34,remi_gai
2024-04-05 21:37:34,anchor_protocol
2024-04-05 21:37:34,melynx
2024-04-05 21:37:34,tuffleuk
2024-04-05 21:37:34,iXe8JnRmPi
2024-04-05 21:37:34,cairoeth
2024-04-05 21:37:34,knightsofdegen
2024-04-05 21:37:34,sofamon_xyz
2024-04-05 21:37:34,search?q=%24LUMIA&src=cashtag_click
2024-04-05 21:37:34,ultrastellar
2024-04-05 21:37:34,variantfund
2024-04-05 21:37:34,khalani_network
2024-04-05 21:37:34,capitalxyz
2024-04-05 21:37:34,Raph_Bloch
2024-04-05 21:37:34,aahiknsv
2024-04-05 21:37:34,IgorStadnykINC4
2024-04-05 21:37:34,avowallet
2024-04-05 21:37:34,Instadapp
2024-04-05 21:37:34,elixir
2024-04-05 21:37:34,JayLovesPotato_
2024-04-05 21:37:34,S2XPqnyc22
2024-04-05 21:37:34,WilderWorld
2024-04-05 21:37:34,fran_strambini
2024-04-05 21:37:34,partyround
2024-04-05 21:37:34,0xEmirr
2024-04-05 21:37:34,daniel_de_witte
2024-04-05 21:37:34,dH6lkvj5xn
2024-04-05 21:37:34,TheBigWhale_
2024-04-05 21:37:34,DenariiLabs
2024-04-05 21:37:34,0xplus7
2024-04-05 21:37:34,miszke_eth
2024-04-05 21:37:34,0xKanekiKen
2024-04-05 21:37:34,TonyHB121
2024-04-05 21:37:34,automatanetwork
2024-04-05 21:37:34,Fhenix_OS
2024-04-05 21:37:34,JayLovesPotato
2024-04-05 21:37:34,FhenixIO
2024-04-05 21:37:34,NEARProtocol
2024-04-05 21:37:34,class_lambda
2024-04-05 21:37:34,0xStackr
2024-04-05 21:37:34,nervosnetwork
2024-04-05 21:37:34,gregory_raymond
2024-04-05 21:37:34,zkLumi
2024-04-05 21:37:34,thedreamos
2024-04-05 21:37:34,wagieeacc
2024-04-05 21:37:34,DG2
2024-04-05 21:37:34,knwang
2024-04-05 21:37:34,the_matter_labs
2024-04-05 21:37:34,FHEOnchain
2024-04-05 21:37:34,vaIeGo7eaW
2024-04-05 21:37:34,JQuantAnalytics
2024-04-05 21:37:34,DrYuYuan
2024-04-05 21:37:34,JpwdEKL4Sc
2024-04-05 21:37:34,pNpbDU9CaV
2024-04-05 21:37:34,FourPillarsFP
2024-04-05 21:37:34,INC_4_
2024-04-05 21:37:34,zkSync
2024-04-05 21:37:34,stableunitdao
2024-04-05 21:37:34,terra_money
2024-04-05 21:37:34,BuildOnLumia
2024-04-05 21:37:34,gateway_eth
2024-04-05 21:37:34,FVn3NRNrLe
2024-04-05 21:37:34,a_vaunt
2024-04-05 21:37:34,airdao_io
2024-04-05 21:37:34,Scroll_ZKP
2024-04-05 21:37:34,postmates
2024-04-05 21:37:34,Louis_Tellier
