2024-04-05 22:14:52,Bloomberg
2024-04-05 22:14:52,BoysClubWorld
2024-04-05 22:14:52,DCbuild3r
2024-04-05 22:14:52,zyJoDMPFJg
2024-04-05 22:14:52,calblockchain
2024-04-05 22:14:52,uwcse
2024-04-05 22:14:52,baincapcrypto
2024-04-05 22:14:52,WitnessCo_
2024-04-05 22:14:52,garettjones
2024-04-05 22:14:52,vibhu
2024-04-05 22:14:52,avizurlo
2024-04-05 22:14:52,mantanetwork
2024-04-05 22:14:52,Maven11Capital
2024-04-05 22:14:52,worldcoinfnd
2024-04-05 22:14:52,niradotcom
2024-04-05 22:14:52,cryptorelief_
2024-04-05 22:14:52,MTCoppel
2024-04-05 22:14:52,lokpray
2024-04-05 22:14:52,fwbtweets
2024-04-05 22:14:52,ucsbcs
2024-04-05 22:14:52,AlokVasudev
2024-04-05 22:14:52,0xStoek
2024-04-05 22:14:52,hnshah
2024-04-05 22:14:52,3uLARGPvIF
2024-04-05 22:14:52,SECgov
2024-04-05 22:14:52,berkeley_ai
2024-04-05 22:14:52,EtherealVC
2024-04-05 22:14:52,katiewav
2024-04-05 22:14:52,aeyakovenko
2024-04-05 22:14:52,JSeyff
2024-04-05 22:14:52,exolabs_
2024-04-05 22:14:52,NousResearch
2024-04-05 22:14:52,coinbase
2024-04-05 22:14:52,MClWfXVyKJ
2024-04-05 22:14:52,LucaNetz
2024-04-05 22:14:52,solanaspaces
2024-04-05 22:14:52,nebrazkp
2024-04-05 22:14:52,worldcoin
2024-04-05 22:14:52,turpentinemedia
2024-04-05 22:14:52,lightspeedpodhq
2024-04-05 22:14:52,nikhilkamathcio
2024-04-05 22:14:52,DriftProtocol
2024-04-05 22:14:52,0xPolygon
2024-04-05 22:14:52,standardcrypto
2024-04-05 22:14:52,wilmerhale
2024-04-05 22:14:52,gethype_hq
2024-04-05 22:14:52,bbgintelligence
2024-04-05 22:14:52,shumochu
2024-04-05 22:14:52,ganeumann
2024-04-05 22:14:52,boysclubworld
2024-04-05 22:14:52,DavideCrapis
2024-04-05 22:14:52,tracecrypto1
2024-04-05 22:14:52,harvard
2024-04-05 22:14:52,LauraTJD
2024-04-05 22:14:52,sandeepnailwal
2024-04-05 22:14:52,BisonTrails
2024-04-05 22:14:52,Anchorage
2024-04-05 22:14:52,RKOTax
2024-04-05 22:14:52,google
2024-04-05 22:14:52,deathereum
2024-04-05 22:14:52,b8ta
2024-04-05 22:14:52,CrazyEgg
2024-04-05 22:14:52,cppinvestments
2024-04-05 22:14:52,M1V7T9R7TP
2024-04-05 22:14:52,oxfordrobots
2024-04-05 22:14:52,_MinTeo
2024-04-05 22:14:52,blockchainassn
2024-04-05 22:14:52,spicymarg_
2024-04-05 22:14:52,cindyleowtt
2024-04-05 22:14:52,joshcrnls
2024-04-05 22:14:52,vrD0aDJeto
2024-04-05 22:14:52,epplex_xyz
2024-04-05 22:14:52,AlloraNetwork
2024-04-05 22:14:52,villageglobal
2024-04-05 22:14:52,ethereum
2024-04-05 22:14:52,mparmstrong_
2024-04-05 22:14:52,pudgypenguins
2024-04-05 22:14:52,blessed_burgers
2024-04-05 22:14:52,nethermindeth
2024-04-05 22:14:52,heliuslabs
2024-04-05 22:14:52,producthunt
2024-04-05 22:14:52,eriktorenberg
2024-04-05 22:14:52,nounsdao
2024-04-05 22:14:52,MathijsvEsch
2024-04-05 22:14:52,sonu_stream
2024-04-05 22:14:52,levitben
2024-04-05 22:14:52,Coinbase
2024-04-05 22:14:52,AdXUVjS3iF
2024-04-05 22:14:52,susewang
2024-04-05 22:14:52,anuatluru
2024-04-05 22:14:52,Berkeley_EECS
2024-04-05 22:14:52,archetypevc
2024-04-05 22:14:52,0xMert_
2024-04-05 22:14:52,Delphi_Digital
2024-04-05 22:14:52,TuongvyLe12
2024-04-05 22:14:52,W19bSlRgN1
2024-04-05 22:14:52,knowerofmarkets
2024-04-05 22:14:52,seedclubhq
2024-04-05 22:14:52,mo_baioumy
2024-04-05 22:14:52,medeana
2024-04-05 22:14:52,0x_Osprey
2024-04-05 22:14:52,CircuitTrading_
2024-04-05 22:14:52,nil_foundation
2024-04-05 22:14:52,yugacohler
2024-04-05 22:14:52,beondeck
2024-04-05 22:14:52,consensys
2024-04-05 22:14:52,CambridgeAssociates
2024-04-05 22:14:52,hiFramework
2024-04-05 22:14:52,bluechip_org
2024-04-05 22:14:52,drip_haus
2024-04-05 22:14:52,alok
2024-04-08 16:38:07,alok
2024-04-08 16:38:07,EtherealVC
2024-04-08 16:38:07,coinbase
2024-04-08 16:38:07,DriftProtocol
2024-04-08 16:38:07,nounsdao
2024-04-08 16:38:07,drip_haus
2024-04-08 16:38:07,3uLARGPvIF
2024-04-08 16:38:07,berkeley_ai
2024-04-08 16:38:07,TuongvyLe12
2024-04-08 16:38:07,exolabs_
2024-04-08 16:38:07,MTCoppel
2024-04-08 16:38:07,Anchorage
2024-04-08 16:38:07,MClWfXVyKJ
2024-04-08 16:38:07,garettjones
2024-04-08 16:38:07,blessed_burgers
2024-04-08 16:38:07,lokpray
2024-04-08 16:38:07,pudgypenguins
2024-04-08 16:38:07,Maven11Capital
2024-04-08 16:38:07,yugacohler
2024-04-08 16:38:07,blockchainassn
2024-04-08 16:38:07,hnshah
2024-04-08 16:38:07,gethype_hq
2024-04-08 16:38:07,Bloomberg
2024-04-08 16:38:07,fwbtweets
2024-04-08 16:38:07,seedclubhq
2024-04-08 16:38:07,cindyleowtt
2024-04-08 16:38:07,deathereum
2024-04-08 16:38:07,nethermindeth
2024-04-08 16:38:07,DavideCrapis
2024-04-08 16:38:07,baincapcrypto
2024-04-08 16:38:07,CrazyEgg
2024-04-08 16:38:07,eriktorenberg
2024-04-08 16:38:07,0xPolygon
2024-04-08 16:38:07,NousResearch
2024-04-08 16:38:07,solanaspaces
2024-04-08 16:38:07,Delphi_Digital
2024-04-08 16:38:07,ganeumann
2024-04-08 16:38:07,vibhu
2024-04-08 16:38:07,aeyakovenko
2024-04-08 16:38:07,producthunt
2024-04-08 16:38:07,archetypevc
2024-04-08 16:38:07,boysclubworld
2024-04-08 16:38:07,tracecrypto1
2024-04-08 16:38:07,niradotcom
2024-04-08 16:38:07,_MinTeo
2024-04-08 16:38:07,AlloraNetwork
2024-04-08 16:38:07,susewang
2024-04-08 16:38:07,uwcse
2024-04-08 16:38:07,epplex_xyz
2024-04-08 16:38:07,CambridgeAssociates
2024-04-08 16:38:07,DCbuild3r
2024-04-08 16:38:07,beondeck
2024-04-08 16:38:07,AdXUVjS3iF
2024-04-08 16:38:07,joshcrnls
2024-04-08 16:38:07,cppinvestments
2024-04-08 16:38:07,bluechip_org
2024-04-08 16:38:07,turpentinemedia
2024-04-08 16:38:07,Berkeley_EECS
2024-04-08 16:38:07,ucsbcs
2024-04-08 16:38:07,standardcrypto
2024-04-08 16:38:07,RKOTax
2024-04-08 16:38:07,BisonTrails
2024-04-08 16:38:07,SECgov
2024-04-08 16:38:07,nebrazkp
2024-04-08 16:38:07,spicymarg_
2024-04-08 16:38:07,ethereum
2024-04-08 16:38:07,villageglobal
2024-04-08 16:38:07,M1V7T9R7TP
2024-04-08 16:38:07,JSeyff
2024-04-08 16:38:07,shumochu
2024-04-08 16:38:07,zyJoDMPFJg
2024-04-08 16:38:07,oxfordrobots
2024-04-08 16:38:07,harvard
2024-04-08 16:38:07,worldcoin
2024-04-08 16:38:07,sandeepnailwal
2024-04-08 16:38:07,worldcoinfnd
2024-04-08 16:38:07,wilmerhale
2024-04-08 16:38:07,katiewav
2024-04-08 16:38:07,consensys
2024-04-08 16:38:07,anuatluru
2024-04-08 16:38:07,MathijsvEsch
2024-04-08 16:38:07,avizurlo
2024-04-08 16:38:07,google
2024-04-08 16:38:07,AlokVasudev
2024-04-08 16:38:07,calblockchain
2024-04-08 16:38:07,vrD0aDJeto
2024-04-08 16:38:07,mantanetwork
2024-04-08 16:38:07,Coinbase
2024-04-08 16:38:07,mo_baioumy
2024-04-08 16:38:07,W19bSlRgN1
2024-04-08 16:38:07,LucaNetz
2024-04-08 16:38:07,levitben
2024-04-08 16:38:07,cryptorelief_
2024-04-08 16:38:07,medeana
2024-04-08 16:38:07,mparmstrong_
2024-04-08 16:38:07,0xStoek
2024-04-08 16:38:07,knowerofmarkets
2024-04-08 16:38:07,nil_foundation
2024-04-08 16:38:07,bbgintelligence
2024-04-08 16:38:07,CircuitTrading_
2024-04-08 16:38:07,b8ta
