2024-05-24 16:08:10,solanaturbine
2024-05-24 16:08:10,saplingjk
2024-05-24 16:08:10,silzgee
2024-05-24 16:08:10,RaoulGMI
2024-05-24 16:08:10,nyanheroes
2024-05-24 16:08:10,Wharton
2024-05-24 16:08:10,betdexlabs
2024-05-24 16:08:10,TheRoaringKitty
2024-05-24 16:08:10,solblaze_org
2024-05-24 16:08:10,beeman_nl
2024-05-24 16:08:10,NicJohnson22
2024-05-24 16:08:10,0xgraffito
2024-05-24 16:08:10,pragdua
2024-05-24 16:08:10,Wolaffarms
2024-05-24 16:08:10,Consensys
2024-05-24 16:08:10,rickdanielm
2024-05-24 16:08:10,shimacapital
2024-05-24 16:08:10,Legends_of_SOL
2024-05-24 16:08:10,UWaterloo
2024-05-24 16:08:10,waitin4agi_
2024-05-24 16:08:10,solanalabs
2024-05-24 16:08:10,ShoeVentures
2024-05-24 16:08:10,iotex_io
2024-05-24 16:08:10,WL4VnN8Oal
2024-05-24 16:08:10,jito_sol
2024-05-24 16:08:10,photofinishgame
2024-05-24 16:08:10,SuperteamDAO
2024-05-24 16:08:10,ucla
2024-05-24 16:08:10,9x9x9eth
2024-05-24 16:08:10,bunjil
2024-05-24 16:08:10,FreeMrktCptlst
2024-05-24 16:08:10,solayer_labs
2024-05-24 16:08:10,SolanaMobile
2024-05-24 16:08:10,knowerofmarkets
2024-05-24 16:08:10,web4O
2024-05-24 16:08:10,Naina_2728
2024-05-24 16:08:10,SolanaFndn
2024-05-24 16:08:10,Berasearch
2024-05-24 16:08:10,justErebos
2024-05-24 16:08:10,Dog21079988Jay
2024-05-24 16:08:10,zfellows_
2024-05-24 16:08:10,_Frictionless_
2024-05-24 16:08:10,LfakierC
2024-05-24 16:08:10,jito_labs
2024-05-24 16:08:10,Ol8Zb7FNym
2024-05-24 16:08:10,HGEABC
2024-05-24 16:08:10,ramblerjournal
2024-05-24 16:08:10,orca_so
2024-05-24 16:08:10,BBFDO9rsd8
2024-05-24 16:08:10,buffalu__
2024-05-24 16:08:10,heyconnai
2024-05-24 16:08:10,RichhomieconE
2024-05-24 16:08:10,dgen_cap
2024-05-24 16:08:10,Solana
2024-05-24 16:08:10,zeduapp
2024-05-24 16:08:10,BAXUSco
2024-05-24 16:08:10,w6CPIFNgVR
2024-05-24 16:08:10,_buildspace
2024-05-24 16:08:10,monkeDAO
2024-05-24 16:08:10,averagezoomerg
2024-05-24 16:08:10,theointech
2024-05-24 16:08:10,NickJSTRIKT
2024-05-24 16:08:10,BiLira_Official
2024-05-24 16:08:10,SolanaLegend
2024-05-24 16:08:10,ArweavePH
2024-05-24 16:08:10,RedotPay
2024-05-24 16:08:10,FarzaTV
2024-05-24 16:08:10,hawksightco
2024-05-24 16:08:10,CryptoFinally
2024-05-24 16:08:10,bcg
2024-05-24 16:08:10,heliuslabs
2024-05-24 16:08:10,wlooblockchain
2024-05-24 16:08:10,Ramen_Finance
2024-05-24 16:08:10,rxthore
2024-05-24 16:08:10,MonkeDAO
2024-05-24 16:08:10,thelotuscorp
2024-05-24 16:08:10,Rodrigues770471
2024-05-24 16:08:10,coverageproved
2024-05-24 16:08:10,ToCrip810942
2024-05-24 16:08:10,BanditoDAO
2024-05-24 16:08:10,gencybernetics
2024-05-24 16:08:10,Decaf_so
2024-05-24 16:08:10,bryan_johnson
2024-05-24 16:08:10,LtLollipop9
2024-05-24 16:08:10,Bet_Hog
2024-05-24 16:08:10,bet_hog
2024-05-24 16:08:10,Balaram70174108
2024-05-24 16:08:10,web3Bulacan
2024-05-24 16:08:10,umbraresearch
2024-05-24 16:08:10,virajcz
2024-05-24 16:08:10,_soulninja
2024-05-24 16:08:10,pravin123
2024-05-24 16:08:10,Delphi_Ventures
2024-05-24 16:08:10,asta_hci
2024-05-24 16:08:10,7LayerMagik
2024-05-24 16:08:10,HBmGwIARBY
2024-05-24 16:08:10,nigeleccles
2024-05-24 16:08:10,PubKeyApp
2024-05-24 16:08:10,therealchaseeb
2024-05-24 16:08:10,gd3kr
2024-05-24 16:08:10,danielov78362
2024-05-24 16:08:10,0xBanana
2024-05-24 16:08:10,NhatLe00030322
2024-05-24 16:08:10,TeamCafeteria
2024-05-24 16:08:10,saie_a
2024-05-24 16:08:10,anza_xyz
2024-05-24 16:08:10,sgbuidl
2024-05-24 16:08:10,ABCV3NTURES
2024-05-24 16:08:10,metasal_
2024-05-24 16:08:10,infinex_app
2024-05-24 16:08:10,2170cell
2024-05-24 16:08:10,SolanaUni
2024-05-24 16:08:10,eMsl2cibpe
2024-05-24 16:08:10,OverclockSol
2024-05-24 16:08:10,fanduel
2024-05-24 16:08:10,aaaaaaaaaaorg
2024-05-24 16:08:10,0xSolanaGirl
2024-05-24 16:08:10,RealVision
2024-05-24 16:08:10,berachain
2024-05-24 16:08:10,Abdifatahhanuu1
2024-05-24 16:08:10,DSentralized
2024-05-24 16:08:10,SuperteamPHL
2024-05-24 16:08:10,pulsr_ai
2024-05-24 16:08:10,drmichaellevin
2024-05-24 16:08:10,MechanismCap
2024-05-24 16:08:10,sinankoc__
2024-05-24 16:08:10,SquadsLabs
2024-05-24 16:08:10,foresightinst
2024-05-24 16:08:10,fatihmertler
2024-05-24 16:08:10,0xSoju
2024-05-24 16:08:10,deanslistDAO
2024-05-24 16:08:10,jordaaash
2024-05-24 16:08:10,D3adpool_SOL
2024-05-24 16:08:10,sxohom
2024-05-30 02:18:11,MetaDAOProject
2024-05-30 02:18:11,IGGYAZALEA
2024-05-30 02:18:11,BasedOrion_
2024-05-30 02:18:11,_Dean_Machine
2024-05-30 02:18:11,shadid_io
2024-05-30 02:18:11,ParagonStaking
2024-05-30 02:18:11,tenderize_me
2024-05-30 02:18:11,deanslistdao
2024-05-30 02:18:11,getbunkr
2024-05-30 02:18:11,metaproph3t
2024-05-30 02:18:11,ionet
2024-05-30 02:18:11,ChefAlec
2024-05-30 02:18:11,SquadsProtocol
2024-05-30 02:18:11,shadddowfax
2024-05-30 02:18:11,clifford_chance
2024-05-30 02:18:11,tensor_hq
2024-05-30 02:18:11,fusewallet
2024-05-30 02:18:11,superteamDE
2024-05-30 02:18:11,SimkinStepan
2024-05-30 02:18:11,AdrenaProtocol
