2024-04-05 23:02:30,FOziBAz2hO
2024-04-05 23:02:30,GiganticRebirth
2024-04-05 23:02:30,2dSUkOGEBd
2024-04-05 23:02:30,NfK3cU3ic2
2024-04-05 23:02:30,94NKZ2j4rI
2024-04-05 23:02:30,shellvish
2024-04-05 23:02:30,gm_maxg
2024-04-05 23:02:30,ModdedQuad
2024-04-05 23:02:30,GCRClassic
2024-04-05 23:02:30,HelloLumerin
2024-04-05 23:02:30,eG0CZL5IXH
2024-04-05 23:02:30,LeonidasNFT
2024-04-05 23:02:30,ItalianComments
2024-04-05 23:02:30,BMANLead
2024-04-05 23:02:30,btcstartuplab
2024-04-05 23:02:30,HighCoinviction
2024-04-05 23:02:30,baPjxs4bXL
2024-04-05 23:02:30,FutureJurvetson
2024-04-05 23:02:30,Qy87VuaizA
2024-04-05 23:02:30,fabric_vc
2024-04-05 23:02:30,search?q=%24GURS&src=cashtag_click
2024-04-05 23:02:30,SyncracyCapital
2024-04-05 23:02:30,MertdSOL
2024-04-05 23:02:30,EQ7LS0uFqR
2024-04-05 23:02:30,nvvarsha
2024-04-05 23:02:30,Lauren_Dowling_
2024-04-05 23:02:30,ord_io
2024-04-05 23:02:30,ABCDELabs
2024-04-05 23:02:30,0xBalloonLover
2024-04-05 23:02:30,Web3Caff_Res
2024-04-05 23:02:30,TheOrdinalShow
2024-04-05 23:02:30,ahansjee
2024-04-05 23:02:30,chrisek
2024-04-05 23:02:30,anagramxyz
2024-04-05 23:02:30,merschmax_
2024-04-05 23:02:30,cyberfund_
2024-04-05 23:02:30,FlFbQzv6my
2024-04-05 23:02:30,italians_mad_at_food
2024-04-05 23:02:30,getdolarapp
2024-04-05 23:02:30,basisprotocol
2024-04-05 23:02:30,interchainriley
2024-04-05 23:02:30,pascal_paillier
2024-04-05 23:02:30,search?q=%24MERTD&src=cashtag_click
2024-04-05 23:02:30,drip
2024-04-05 23:02:30,richardmuirhead
2024-04-05 23:02:30,4MdA62CeUh
2024-04-05 23:02:30,dReGdtCpU8
2024-04-05 23:02:30,amir_hamz_
2024-04-05 23:02:30,Immutable
2024-04-05 23:02:30,primodiumgame
2024-04-05 23:02:30,VAZSUsAYbs
2024-04-05 23:02:30,bridgewater
2024-04-05 23:02:30,sceniuscapital
2024-04-05 23:02:30,ZK_shark
2024-04-05 23:02:30,waltjsmith
2024-04-05 23:02:30,1w37PXU25k
2024-04-05 23:02:30,bennypjacobs
2024-04-05 23:02:30,_bureaucrats
2024-04-05 23:02:30,DujunX
2024-04-05 23:02:30,PortalVentures
2024-04-05 23:02:30,0xNing0x
2024-04-05 23:02:30,1l9ekCAT6z
2024-04-05 23:02:30,frURBGCzzI
2024-04-05 23:02:30,ecomEddie
2024-04-05 23:02:30,web3caff_zh
2024-04-05 23:02:30,StonkTrump
2024-04-05 23:02:30,OrdinalMaxiBiz
2024-04-05 23:02:30,0xMert_
2024-04-05 23:02:30,stride_zone
2024-04-05 23:02:30,2cPqL2xpuh
2024-04-05 23:02:30,Web3Caff_ZH
2024-04-05 23:02:30,ordinalhive
2024-04-05 23:02:30,buxord
2024-04-05 23:02:30,NetworkMedici
2024-04-05 23:02:30,zillowgonewild
2024-04-05 23:02:30,gursonavax
2024-04-05 23:02:30,fd_ripatel
2024-04-05 23:02:30,rodarmor
2024-04-05 23:02:30,drip_haus
