2024-04-05 22:01:00,RealHPOS10I
2024-04-05 22:01:00,qnt6ubYV94
2024-04-05 22:01:00,search?q=%24PRIME&src=cashtag_click
2024-04-05 22:01:00,O8QXrlkJrh
2024-04-05 22:01:00,vuA5QjyZBY
2024-04-05 22:01:00,_anishagnihotri
2024-04-05 22:01:00,ritualnet
2024-04-05 22:01:00,AidanJLarkin
2024-04-05 22:01:00,RUSI_org
2024-04-05 22:01:00,hyperbolic_labs
2024-04-05 22:01:00,0G_labs
2024-04-05 22:01:00,thepunkdao
2024-04-05 22:01:00,kelxyz_
2024-04-05 22:01:00,AdvisorEngine
2024-04-05 22:01:00,Asset_Reality
2024-04-05 22:01:00,ethena_labs
2024-04-05 22:01:00,code4rena
2024-04-05 22:01:00,KyleReidhead
2024-04-05 22:01:00,megaeth_labs
2024-04-05 22:01:00,robotventures
2024-04-05 22:01:00,fabric_vc
2024-04-05 22:01:00,utila_io
2024-04-05 22:01:00,LondonScienceD1
2024-04-05 22:01:00,driaforall
2024-04-05 22:01:00,lNvr7RiDdr
2024-04-05 22:01:00,milkroaddaily
2024-04-05 22:01:00,JamesleyHanley
2024-04-05 22:01:00,archntwrk
2024-04-05 22:01:00,DirectiveGames
2024-04-05 22:01:00,playmythical
2024-04-05 22:01:00,U9iwSUkTp1
2024-04-05 22:01:00,Genventurecap
2024-04-05 22:01:00,SaGT3y9AtE
2024-04-05 22:01:00,punkcastxyz
2024-04-05 22:01:00,proofofmud
2024-04-05 22:01:00,Impact3agency
2024-04-05 22:01:00,PleasrDAO
2024-04-05 22:01:00,dexscreener
2024-04-05 22:01:00,finblueprint
2024-04-05 22:01:00,camillionaire_m
2024-04-05 22:01:00,search?q=%24STAN&src=cashtag_click
2024-04-05 22:01:00,apeclosedai
2024-04-05 22:01:00,myshell_ai
2024-04-05 22:01:00,search?q=%24ETH&src=cashtag_click
2024-04-05 22:01:00,techstars
2024-04-05 22:01:00,SuperSteveFarms
2024-04-05 22:01:00,babylon_chain
2024-04-05 22:01:00,EchelonFND
2024-04-05 22:01:00,vertex_protocol
2024-04-05 22:01:00,Clique2046
2024-04-05 22:01:00,Q0lQtgoGiD
2024-04-05 22:01:00,themachinesgame
2024-04-05 22:01:00,FirstBatchxyz_
2024-04-05 22:01:00,balajis
2024-04-05 22:01:00,ArchNtwrk
2024-04-05 22:01:00,LexSokolin
2024-04-05 22:01:00,0xfinetuned
2024-04-05 22:01:00,UNODC
2024-04-05 22:01:00,mirafoundation_
2024-04-05 22:01:00,ebeCPTkeNx
2024-04-05 22:01:00,messaricrypto
2024-04-05 22:01:00,TusharJain_
2024-04-05 22:01:00,playcivitas
2024-04-05 22:01:00,Serotonin_HQ
2024-04-05 22:01:00,intuitio_
2024-04-05 22:01:00,hotpot_dao
2024-04-05 22:01:00,polychain
2024-04-05 22:01:00,punkventuresdao
2024-04-05 22:01:00,MacroMate8
2024-04-05 22:01:00,akileshpotti
2024-04-05 22:01:00,beefman37
2024-04-05 22:01:00,KentwByers
2024-04-05 22:01:00,Bridgewater
2024-04-05 22:01:00,Blast_l2
2024-04-05 22:01:00,StanleyCupCoin
2024-04-05 22:01:00,rNxIkGcTqR
2024-04-05 22:01:00,ParallelTCG
2024-04-05 22:01:00,harvardhbs
2024-04-05 22:01:00,Consensys
2024-04-05 22:01:00,poolpitako
2024-04-05 22:01:00,metastreetxyz
2024-04-05 22:01:00,snouffo69
2024-04-05 22:01:00,Mojito_NFT
2024-04-05 22:01:00,MulticoinCap
2024-04-05 22:01:00,punk9527
2024-04-05 22:01:00,tari
2024-04-05 22:01:00,Second_Lane
2024-04-05 22:01:00,ThrusterFi
<<<<<<< HEAD
2024-04-08 16:30:21,SaGT3y9AtE
2024-04-08 16:30:21,RUSI_org
2024-04-08 16:30:21,beefman37
2024-04-08 16:30:21,punkcastxyz
2024-04-08 16:30:21,Clique2046
2024-04-08 16:30:21,dailybrd
2024-04-08 16:30:21,dexscreener
2024-04-08 16:30:21,qnt6ubYV94
2024-04-08 16:30:21,search?q=%24ETH&src=cashtag_click
2024-04-08 16:30:21,alongsidefi
2024-04-08 16:30:21,snouffo69
2024-04-08 16:30:21,ParallelTCG
2024-04-08 16:30:21,thepunkdao
2024-04-08 16:30:21,metastreetxyz
2024-04-08 16:30:21,punkventuresdao
2024-04-08 16:30:21,PleasrDAO
2024-04-08 16:30:21,ArkhamIntel
2024-04-08 16:30:21,MacroMate8
2024-04-08 16:30:21,5I8qHw5GNN
2024-04-08 16:30:21,GnqSDkEWla
2024-04-08 16:30:21,proofofmud
2024-04-08 16:30:21,IronforgeCloud
2024-04-08 16:30:21,0G_labs
2024-04-08 16:30:21,playmythical
2024-04-08 16:30:21,apeclosedai
2024-04-08 16:30:21,ebeCPTkeNx
2024-04-08 16:30:21,d_gilz
2024-04-08 16:30:21,akileshpotti
2024-04-08 16:30:21,RealHPOS10I
2024-04-08 16:30:21,intuitio_
2024-04-08 16:30:21,hotpot_dao
2024-04-08 16:30:21,LondonScienceD1
2024-04-08 16:30:21,DirectiveGames
2024-04-08 16:30:21,messaricrypto
2024-04-08 16:30:21,fabric_vc
2024-04-08 16:30:21,milkroaddaily
2024-04-08 16:30:21,SuperSteveFarms
2024-04-08 16:30:21,polychain
2024-04-08 16:30:21,vuA5QjyZBY
2024-04-08 16:30:21,vertex_protocol
2024-04-08 16:30:21,_anishagnihotri
2024-04-08 16:30:21,0xgaut
2024-04-08 16:30:21,KyleReidhead
2024-04-08 16:30:21,Second_Lane
2024-04-08 16:30:21,harvardhbs
2024-04-08 16:30:21,search?q=%24PRIME&src=cashtag_click
2024-04-08 16:30:21,hyperbolic_labs
2024-04-08 16:30:21,KentwByers
2024-04-08 16:30:21,JamesleyHanley
2024-04-08 16:30:21,camillionaire_m
2024-04-08 16:30:21,Mojito_NFT
2024-04-08 16:30:21,robotventures
2024-04-08 16:30:21,Impact3agency
2024-04-08 16:30:21,StanleyCupCoin
2024-04-08 16:30:21,myshell_ai
2024-04-08 16:30:21,Asset_Reality
2024-04-08 16:30:21,punk9527
2024-04-08 16:30:21,UNODC
2024-04-08 16:30:21,ritualnet
2024-04-08 16:30:21,Q0lQtgoGiD
2024-04-08 16:30:21,Serotonin_HQ
2024-04-08 16:30:21,0xfinetuned
2024-04-08 16:30:21,EnterTheMythos
2024-04-08 16:30:21,megaeth_labs
2024-04-08 16:30:21,themachinesgame
2024-04-08 16:30:21,AidanJLarkin
2024-04-08 16:30:21,EchelonFND
2024-04-08 16:30:21,pumpdotfun
2024-04-08 16:30:21,O8QXrlkJrh
2024-04-08 16:30:21,oeqbmZvc4m
2024-04-08 16:30:21,search?q=%24STAN&src=cashtag_click
2024-04-08 16:30:21,balajis
2024-04-08 16:30:21,playcivitas
2024-04-08 16:30:21,Bridgewater
2024-04-08 16:30:21,ArchNtwrk
2024-04-08 16:30:21,kelxyz_
2024-04-08 16:30:21,techstars
2024-04-08 16:30:21,Consensys
2024-04-08 16:30:21,ethena_labs
2024-04-08 16:30:21,archntwrk
2024-04-08 16:30:21,lNvr7RiDdr
=======
2024-04-08 12:10:40,Impact3agency
2024-04-08 12:10:40,0G_labs
2024-04-08 12:10:40,vuA5QjyZBY
2024-04-08 12:10:40,messaricrypto
2024-04-08 12:10:40,snouffo69
2024-04-08 12:10:40,balajis
2024-04-08 12:10:40,RUSI_org
2024-04-08 12:10:40,KentwByers
2024-04-08 12:10:40,megaeth_labs
2024-04-08 12:10:40,JamesleyHanley
2024-04-08 12:10:40,ParallelTCG
2024-04-08 12:10:40,playmythical
2024-04-08 12:10:40,5I8qHw5GNN
2024-04-08 12:10:40,SaGT3y9AtE
2024-04-08 12:10:40,intuitio_
2024-04-08 12:10:40,milkroaddaily
2024-04-08 12:10:40,search?q=%24ETH&src=cashtag_click
2024-04-08 12:10:40,IronforgeCloud
2024-04-08 12:10:40,d_gilz
2024-04-08 12:10:40,KyleReidhead
2024-04-08 12:10:40,dailybrd
2024-04-08 12:10:40,dexscreener
2024-04-08 12:10:40,kelxyz_
2024-04-08 12:10:40,ArkhamIntel
2024-04-08 12:10:40,Second_Lane
2024-04-08 12:10:40,harvardhbs
2024-04-08 12:10:40,oeqbmZvc4m
2024-04-08 12:10:40,O8QXrlkJrh
2024-04-08 12:10:40,ritualnet
2024-04-08 12:10:40,0xgaut
2024-04-08 12:10:40,vertex_protocol
2024-04-08 12:10:40,RealHPOS10I
2024-04-08 12:10:40,search?q=%24STAN&src=cashtag_click
2024-04-08 12:10:40,search?q=%24PRIME&src=cashtag_click
2024-04-08 12:10:40,Consensys
2024-04-08 12:10:40,polychain
2024-04-08 12:10:40,Asset_Reality
2024-04-08 12:10:40,techstars
2024-04-08 12:10:40,UNODC
2024-04-08 12:10:40,EnterTheMythos
2024-04-08 12:10:40,hyperbolic_labs
2024-04-08 12:10:40,akileshpotti
2024-04-08 12:10:40,DirectiveGames
2024-04-08 12:10:40,AidanJLarkin
2024-04-08 12:10:40,ebeCPTkeNx
2024-04-08 12:10:40,ethena_labs
2024-04-08 12:10:40,pumpdotfun
2024-04-08 12:10:40,EchelonFND
2024-04-08 12:10:40,StanleyCupCoin
2024-04-08 12:10:40,alongsidefi
2024-04-08 12:10:40,Clique2046
2024-04-08 12:10:40,LondonScienceD1
2024-04-08 12:10:40,hotpot_dao
2024-04-08 12:10:40,metastreetxyz
2024-04-08 12:10:40,MacroMate8
2024-04-08 12:10:40,playcivitas
2024-04-08 12:10:40,Q0lQtgoGiD
2024-04-08 12:10:40,GnqSDkEWla
2024-04-08 12:10:40,themachinesgame
2024-04-08 12:10:40,robotventures
2024-04-08 12:10:40,qnt6ubYV94
2024-04-08 12:10:40,SuperSteveFarms
>>>>>>> 637e273 (ync output/ output2/)
2024-04-17 13:38:01,DirectiveGames
2024-04-17 13:38:01,harvardhbs
2024-04-17 13:38:01,SuperSteveFarms
2024-04-17 13:38:01,dexscreener
2024-04-17 13:38:01,egirl_capital
2024-04-17 13:38:01,67eEVrdLnI
2024-04-17 13:38:01,fantasy_top_
2024-04-17 13:38:01,Yexwi4GVqx
2024-04-17 13:38:01,GCRClassic
2024-04-17 13:38:01,CL207
2024-04-17 13:38:01,MSFTResearch
2024-04-17 13:38:01,Qy87VuaizA
2024-04-17 13:38:01,Impact3agency
2024-04-17 13:38:01,GEODNET_
2024-04-17 13:38:01,moonwalkfitness
2024-04-17 13:38:01,Second_Lane
2024-04-17 13:38:01,milkroaddaily
2024-04-17 13:38:01,wasabi_protocol
2024-04-17 13:38:01,IronforgeCloud
2024-04-17 13:38:01,GnqSDkEWla
2024-04-17 13:38:01,ritualnet
2024-04-17 13:38:01,vertex_protocol
2024-04-17 13:38:01,Web3Quant
2024-04-17 13:38:01,2cPqL2xpuh
2024-04-17 13:38:01,ArkhamIntel
2024-04-17 13:38:01,CgUN5Xiivz
2024-04-17 13:38:01,ethena_labs
2024-04-17 13:38:01,O8QXrlkJrh
2024-04-17 13:38:01,metastreetxyz
2024-04-17 13:38:01,LondonScienceD1
2024-04-17 13:38:01,megaeth_labs
2024-04-17 13:38:01,TravisBickle0x
2024-04-17 13:38:01,Consensys
2024-04-17 13:38:01,EnterTheMythos
2024-04-17 13:38:01,EchelonFND
2024-04-17 13:38:01,5I8qHw5GNN
2024-04-17 13:38:01,oeqbmZvc4m
2024-04-17 13:38:01,kelxyz_
2024-04-17 13:38:01,PupsToken
2024-04-17 13:38:01,d_gilz
2024-04-17 13:38:01,search?q=%24PUPS&src=cashtag_click
2024-04-17 13:38:01,eG0CZL5IXH
2024-04-17 13:38:01,ParallelTCG
2024-04-17 13:38:01,KentwByers
2024-04-17 13:38:01,echodotxyz
2024-04-17 13:38:01,qinzytech
2024-04-17 13:38:01,MIT
2024-04-17 13:38:01,KyleReidhead
2024-04-17 13:38:01,intuitio_
2024-04-17 13:38:01,pumpdotfun
2024-04-17 13:38:01,0G_labs
2024-04-17 13:38:01,hotpot_dao
2024-04-17 13:38:01,akileshpotti
2024-04-17 13:38:01,myshell_ai
2024-04-17 13:38:01,0xEren
2024-04-17 13:38:01,0xgaut
2024-04-17 13:38:01,alongsidefi
2024-04-17 13:38:01,DN_Founder
2024-04-17 13:38:01,DegenerateNews
2024-04-17 13:38:01,yueko__
2024-04-17 13:38:01,RealHPOS10I
2024-04-17 13:38:01,MezoNetwork
2024-04-17 13:38:01,SaGT3y9AtE
2024-04-17 13:38:01,rodarmor
2024-04-17 13:38:01,playmythical
2024-04-17 13:38:01,messaricrypto
2024-04-17 13:38:01,search?q=%24ETH&src=cashtag_click
2024-04-17 13:38:01,1l9ekCAT6z
2024-04-17 13:38:01,hyperbolic_labs
2024-04-17 13:38:01,playcivitas
2024-04-17 13:38:01,4MdA62CeUh
2024-04-17 13:38:01,dailybrd
2024-04-17 13:38:01,Stanford
2024-04-17 13:38:01,AdrenaProtocol
2024-04-17 13:38:01,MacroMate8
2024-04-17 13:38:01,JamesleyHanley
2024-04-17 13:38:01,search?q=%24PRIME&src=cashtag_click
2024-04-17 13:38:01,ebeCPTkeNx
2024-04-17 13:38:01,themachinesgame
2024-05-03 16:57:45,vaneckpk
2024-05-03 16:57:45,hEQOcUXqot
2024-05-03 16:57:45,NamikMuduroglu
2024-05-03 16:57:45,FjRXodMQDO
2024-05-03 16:57:45,goodmeat
2024-05-03 16:57:45,NitroNationTour
2024-05-03 16:57:45,solanafndn
2024-05-03 16:57:45,activision
2024-05-03 16:57:45,daBWNQPUGA
2024-05-03 16:57:45,KodiakFi
2024-05-03 16:57:45,cryptopunk7213
2024-05-03 16:57:45,bitso
2024-05-03 16:57:45,dev_pom
2024-05-03 16:57:45,justegg
2024-05-03 16:57:45,deLarg0
2024-05-03 16:57:45,0lliecrypto
2024-05-03 16:57:45,hypersphere_
2024-05-03 16:57:45,fwbtweets
2024-05-03 16:57:45,PlayMythical
2024-05-03 16:57:45,laser4201
2024-05-03 16:57:45,0xevanfr
2024-05-03 16:57:45,rajgokal
2024-05-03 16:57:45,kudasai_japan
2024-05-03 16:57:45,10ampro
2024-05-03 16:57:45,yangl1996
2024-05-03 16:57:45,buildabera
2024-05-03 16:57:45,BuildaBera
2024-05-03 16:57:45,0xmakase_jp
2024-05-03 16:57:45,OstiumLabs
2024-05-03 16:57:45,calilyliu
2024-05-03 16:57:45,j1jWsc75Ik
2024-05-03 16:57:45,PlayNFLRivals
2024-05-03 16:57:45,PlayBlankos
2024-05-03 16:57:45,kaledora
2024-05-03 16:57:45,GummiFi
2024-05-03 16:57:45,osmosiszone
2024-05-03 16:57:45,coinbase
2024-05-03 16:57:45,eVbg0NEdmw
2024-05-03 16:57:45,Lalocripto
2024-05-03 16:57:45,aptoslabs
2024-05-03 16:57:45,harvard
2024-05-03 16:57:45,FishFishDeFi
2024-05-03 16:57:45,bandocool
2024-05-03 16:57:45,johnwastaken
2024-05-03 16:57:45,solana
2024-05-03 16:57:45,usbgf
2024-05-03 16:57:45,ostiumlabs
2024-05-03 16:57:45,espaciocripto
2024-05-03 16:57:45,kglteater
2024-05-03 16:57:45,orangedaoxyz
2024-05-03 16:57:45,holdmybirra
2024-05-03 16:57:45,bridgewater
2024-05-03 16:57:45,EspacioCripto
2024-05-03 16:57:45,anagramxyz
2024-05-03 16:57:45,superteamdao
2024-05-03 16:57:45,elusivprivacy
2024-05-03 16:57:45,consensys
2024-05-03 16:57:45,ArgentHQ
2024-05-03 16:57:45,neilhar_
