2024-04-05 22:34:12,shoqanaw
2024-04-05 22:34:12,G7_DAO
2024-04-05 22:34:12,breezedotcash
2024-04-05 22:34:12,cigawrettepacks
2024-04-05 22:34:12,Bfaviero
2024-04-05 22:34:12,creativedlab
2024-04-05 22:34:12,blast_l2
2024-04-05 22:34:12,cryptopunksnfts
2024-04-05 22:34:12,base
2024-04-05 22:34:12,miyamaker
2024-04-05 22:34:12,pappachaga000
2024-04-05 22:34:12,NamikMuduroglu
2024-04-05 22:34:12,Algorand
2024-04-05 22:34:12,ethan_myshell
2024-04-05 22:34:12,cozymaximalist
2024-04-05 22:34:12,Lighter_xyz
2024-04-05 22:34:12,ethena_labs
2024-04-05 22:34:12,LightDotSo
2024-04-05 22:34:12,CoindeskPodcast
2024-04-05 22:34:12,brian_smith_0
2024-04-05 22:34:12,FiscalNote
2024-04-05 22:34:12,megaeth_labs
2024-04-05 22:34:12,5I8qHw5GNN
2024-04-05 22:34:12,pappachaga99999
2024-04-05 22:34:12,megantheevalium
2024-04-05 22:34:12,jito_labs
2024-04-05 22:34:12,sabatonfan69
2024-04-05 22:34:12,yugalabs
2024-04-05 22:34:12,skillissuexyz
2024-04-05 22:34:12,MeebitsNFTs
2024-04-05 22:34:12,Blockworks_
2024-04-05 22:34:12,boredapeyc
2024-04-05 22:34:12,AlliumLabs
2024-04-05 22:34:12,PrimordialAA
2024-04-05 22:34:12,artemis__xyz
2024-04-05 22:34:12,pumpdotfun
2024-04-05 22:34:12,0xcigawrette
2024-04-05 22:34:12,MIT
2024-04-05 22:34:12,doppelHQ
2024-04-05 22:34:12,CryptoGarga
2024-04-05 22:34:12,BanklessHQ
2024-04-05 22:34:12,myprizecom
2024-04-05 22:34:12,myshell_ai
2024-04-05 22:34:12,KolenaIO
2024-04-05 22:34:12,CoinDesk
2024-04-05 22:34:12,DuU6MMqcgQ
2024-04-05 22:34:12,LayerZero_Labs
2024-04-05 22:34:12,JoshLitchman
2024-04-05 22:34:12,EVG_Ventures
2024-04-05 22:34:12,momoeureka
2024-04-05 22:34:12,0xKipit
2024-04-05 22:34:12,insrtapp
2024-04-05 22:34:12,magna_digital
2024-04-05 22:34:12,shunkakinoki
2024-04-05 22:34:12,CoinDeskPodcast
2024-04-05 22:34:12,Permissionless
2024-04-05 22:34:12,ParclLimited
2024-04-05 22:34:12,UniswapFnd
2024-04-05 22:34:12,hypersphere_
2024-04-05 22:34:12,Facebook
2024-04-05 22:34:12,Glass_Markets
2024-04-05 22:34:12,Parcl
2024-04-05 22:34:12,SyntechCorp
2024-04-05 22:34:12,oMIiyJcIzk
2024-04-05 22:34:12,axelarnetwork
2024-04-05 22:34:12,jito_sol
2024-04-05 22:34:12,MLSTRMCAP
2024-04-05 22:34:12,MartinShkreli
2024-04-05 22:34:12,HugoMartingale
2024-04-05 22:34:12,VladZamfir
2024-04-05 22:34:12,bitgetglobal
2024-04-05 22:34:12,polymarket
2024-04-05 22:34:12,realAllenNg
2024-04-05 22:34:12,GnqSDkEWla
2024-04-05 22:34:12,fantasy_top_
2024-04-05 22:34:12,yangl1996
2024-04-05 22:34:12,10KTFshop
2024-04-05 22:34:12,devinawalsh
2024-04-05 22:34:12,yorgosv_
2024-04-05 22:34:12,Vomit_Dragon
2024-04-05 22:34:12,JennSanasie
2024-04-05 22:34:12,BarterDeFi
2024-04-05 22:34:12,PalantirTech
2024-04-05 22:34:12,HeadsUpai
2024-04-05 22:34:12,monad_xyz
2024-04-05 22:34:12,othersidemeta
2024-04-05 22:34:12,consensys
2024-04-05 22:34:12,0xSmit
2024-04-05 22:34:12,BitgetSupport
2024-04-05 22:34:12,hiFramework
2024-04-05 22:34:12,OpanyRichard
2024-04-05 22:34:12,lzin5ByH0t
