2024-04-05 21:53:06,HangLoyalty
2024-04-05 21:53:06,qnt6ubYV94
2024-04-05 21:53:06,MessariCrypto
2024-04-05 21:53:06,OfflineProtocol
2024-04-05 21:53:06,ourZORA
2024-04-05 21:53:06,protocollabs
2024-04-05 21:53:06,AnimocaVentures
2024-04-05 21:53:06,eliqiann
2024-04-05 21:53:06,withcortex
2024-04-05 21:53:06,filecointldr
2024-04-05 21:53:06,base
2024-04-05 21:53:06,polyblockchain
2024-04-05 21:53:06,apecoin
2024-04-05 21:53:06,toboleum
2024-04-05 21:53:06,0xz80
2024-04-05 21:53:06,pandora_erc404
2024-04-05 21:53:06,FactionVC
2024-04-05 21:53:06,0xRainandCoffee
2024-04-05 21:53:06,DJ_Wright_
2024-04-05 21:53:06,Maven11Capital
2024-04-05 21:53:06,ITP_NYU
2024-04-05 21:53:06,giphy
2024-04-05 21:53:06,itsk1cks
2024-04-05 21:53:06,Starhold3r
2024-04-05 21:53:06,EVDNc8Q9j3
2024-04-05 21:53:06,UVA
2024-04-05 21:53:06,oveddan
2024-04-05 21:53:06,fwbtweets
2024-04-05 21:53:06,Dither_Solana
2024-04-05 21:53:06,boredchili
2024-04-05 21:53:06,frame_xyz
2024-04-05 21:53:06,laddoy
2024-04-05 21:53:06,Ftk96oSf45
2024-04-05 21:53:06,medium
2024-04-05 21:53:06,MorganStanley
2024-04-05 21:53:06,abenzer
2024-04-05 21:53:06,neynarxyz
2024-04-05 21:53:06,katiewav
2024-04-05 21:53:06,burger606
2024-04-05 21:53:06,nbxcom
2024-04-05 21:53:06,TheLAOOfficial
2024-04-05 21:53:06,ansa_research
2024-04-05 21:53:06,RZJhrrSpfb
2024-04-05 21:53:06,filecoin
2024-04-05 21:53:06,rabbit_hmi
2024-04-05 21:53:06,0xLawliette
2024-04-05 21:53:06,Blast_L2
2024-04-05 21:53:06,LightspeedVP
2024-04-05 21:53:06,ggdotzip
2024-04-05 21:53:06,ExpatCrypto3
2024-04-05 21:53:06,TravisBickle0x
2024-04-05 21:53:06,coinbase
2024-04-05 21:53:06,search?q=%24DITH&src=cashtag_click
2024-04-05 21:53:06,0xBalloonLover
2024-04-05 21:53:06,Push_DAO
2024-04-05 21:53:06,FTI_DA
2024-04-05 21:53:06,p3shoemaker
2024-04-05 21:53:06,0xSamHarrison
2024-04-05 21:53:06,duckie_han
2024-04-05 21:53:06,CodjoeP
2024-04-05 21:53:06,Citi
2024-04-05 21:53:06,SuperteamDE
2024-04-05 21:53:06,SankoGameCorp
2024-04-05 21:53:06,Nascentxyz
2024-04-05 21:53:06,serotonin_hq
2024-04-05 21:53:06,0xMacroDAO
2024-04-05 21:53:06,coinbasewallet
2024-04-05 21:53:06,seammoney
2024-04-05 21:53:06,IGh8qKESFP
2024-04-05 21:53:06,lightspeedvp
2024-04-05 21:53:06,communist
2024-04-05 21:53:06,synergiscap
2024-04-05 21:53:06,3WSxnJRymf
2024-04-05 21:53:06,brianman1
2024-04-05 21:53:06,Rhynotic
2024-04-05 21:53:06,0xkrane
2024-04-05 21:53:06,0xKipit
2024-04-05 21:53:06,pushprotocol
2024-04-05 21:53:06,wintermute_t
2024-04-05 21:53:06,max_mohammadi
2024-04-05 21:53:06,amberfi_xyz
2024-04-05 21:53:06,0xmattness
2024-04-05 21:53:06,SalvinoArmati
2024-04-05 21:53:06,BFATHIEH
2024-04-05 21:53:06,larpalt
2024-04-05 21:53:06,epplex_xyz
2024-04-05 21:53:06,echodotxyz
2024-04-05 21:53:06,0xlght
2024-04-05 21:53:06,blessed_burgers
2024-04-05 21:53:06,stinkypablo
2024-04-05 21:53:06,FLAMINGODAO
2024-04-05 21:53:06,sxtvik
2024-04-05 21:53:06,intuitio_
2024-04-05 21:53:06,spreekaway
2024-04-05 21:53:06,veratheape
2024-04-05 21:53:06,bitpanda_global
2024-04-05 21:53:06,multicoincap
2024-04-05 21:53:06,Estimatted
2024-04-05 21:53:06,smoovie420
2024-04-05 21:53:06,BasedRemyBoys
2024-04-05 21:53:06,zionbets
2024-04-05 21:53:06,JIQQYJONES
2024-04-05 21:53:06,AriumSpaces
2024-04-05 21:53:06,archetypevc
2024-04-05 21:53:06,fantasy_top_
2024-04-05 21:53:06,sfermion_
2024-04-05 21:53:06,Blockchain
2024-04-05 21:53:06,0xAneri
2024-04-05 21:53:06,0x_Beans
2024-04-05 21:53:06,tjweigel
2024-04-05 21:53:06,ChrisF_0x
2024-04-05 21:53:06,Dylan_Steck
2024-04-05 21:53:06,SteimetzKinji
2024-04-05 21:53:06,Forculus
2024-04-05 21:53:06,searnseele
2024-04-05 21:53:06,0xMikado
2024-04-05 21:53:06,foresightven
2024-04-05 21:53:06,factionvc
2024-04-05 21:53:06,4shpool
<<<<<<< HEAD
2024-04-08 16:26:18,ChrisF_0x
2024-04-08 16:26:18,3WSxnJRymf
2024-04-08 16:26:18,ITP_NYU
2024-04-08 16:26:18,smoovie420
2024-04-08 16:26:18,qnt6ubYV94
2024-04-08 16:26:18,max_mohammadi
2024-04-08 16:26:18,FTI_DA
2024-04-08 16:26:18,Starhold3r
2024-04-08 16:26:18,TheLAOOfficial
2024-04-08 16:26:18,spreekaway
2024-04-08 16:26:18,serotonin_hq
2024-04-08 16:26:18,brianman1
2024-04-08 16:26:18,0xlght
2024-04-08 16:26:18,OfflineProtocol
2024-04-08 16:26:18,polyblockchain
2024-04-08 16:26:18,lightspeedvp
2024-04-08 16:26:18,0xMacroDAO
2024-04-08 16:26:18,echodotxyz
2024-04-08 16:26:18,fantasy_top_
2024-04-08 16:26:18,DJ_Wright_
2024-04-08 16:26:18,giphy
2024-04-08 16:26:18,medium
2024-04-08 16:26:18,Forculus
2024-04-08 16:26:18,wintermute_t
2024-04-08 16:26:18,seammoney
2024-04-08 16:26:18,intuitio_
2024-04-08 16:26:18,BFATHIEH
2024-04-08 16:26:18,eliqiann
2024-04-08 16:26:18,TravisBickle0x
2024-04-08 16:26:18,nbxcom
2024-04-08 16:26:18,abenzer
2024-04-08 16:26:18,0xKipit
2024-04-08 16:26:18,ansa_research
2024-04-08 16:26:18,0xAneri
2024-04-08 16:26:18,protocollabs
2024-04-08 16:26:18,oveddan
2024-04-08 16:26:18,pushprotocol
2024-04-08 16:26:18,larpalt
2024-04-08 16:26:18,SankoGameCorp
2024-04-08 16:26:18,MorganStanley
2024-04-08 16:26:18,0xMikado
2024-04-08 16:26:18,SteimetzKinji
2024-04-08 16:26:18,AnimocaVentures
2024-04-08 16:26:18,0xLawliette
2024-04-08 16:26:18,Blockchain
2024-04-08 16:26:18,UVA
2024-04-08 16:26:18,0xmattness
2024-04-08 16:26:18,EVDNc8Q9j3
2024-04-08 16:26:18,zionbets
2024-04-08 16:26:18,coinbasewallet
2024-04-08 16:26:18,FactionVC
2024-04-08 16:26:18,4shpool
2024-04-08 16:26:18,search?q=%24DITH&src=cashtag_click
2024-04-08 16:26:18,Dither_Solana
2024-04-08 16:26:18,multicoincap
2024-04-08 16:26:18,Push_DAO
2024-04-08 16:26:18,base
2024-04-08 16:26:18,filecointldr
2024-04-08 16:26:18,Nascentxyz
2024-04-08 16:26:18,bitpanda_global
2024-04-08 16:26:18,0xSamHarrison
2024-04-08 16:26:18,filecoin
2024-04-08 16:26:18,FLAMINGODAO
2024-04-08 16:26:18,0xz80
2024-04-08 16:26:18,JIQQYJONES
2024-04-08 16:26:18,Ftk96oSf45
2024-04-08 16:26:18,ourZORA
2024-04-08 16:26:18,sxtvik
2024-04-08 16:26:18,factionvc
2024-04-08 16:26:18,ExpatCrypto3
2024-04-08 16:26:18,Rhynotic
2024-04-08 16:26:18,Citi
2024-04-08 16:26:18,duckie_han
2024-04-08 16:26:18,itsk1cks
2024-04-08 16:26:18,0xAIVA
2024-04-08 16:26:18,LightspeedVP
2024-04-08 16:26:18,p3shoemaker
2024-04-08 16:26:18,Web3Maxx
2024-04-08 16:26:18,MessariCrypto
2024-04-08 16:26:18,AriumSpaces
2024-04-08 16:26:18,sfermion_
2024-04-08 16:26:18,amberfi_xyz
2024-04-08 16:26:18,CodjoeP
2024-04-08 16:26:18,BasedRemyBoys
2024-04-08 16:26:18,laddoy
=======
2024-04-08 12:07:32,p3shoemaker
2024-04-08 12:07:32,Dither_Solana
2024-04-08 12:07:32,FTI_DA
2024-04-08 12:07:32,0xMikado
2024-04-08 12:07:32,ExpatCrypto3
2024-04-08 12:07:32,intuitio_
2024-04-08 12:07:32,FactionVC
2024-04-08 12:07:32,MorganStanley
2024-04-08 12:07:32,MessariCrypto
2024-04-08 12:07:32,protocollabs
2024-04-08 12:07:32,filecoin
2024-04-08 12:07:32,0xSamHarrison
2024-04-08 12:07:32,BasedRemyBoys
2024-04-08 12:07:32,0xmattness
2024-04-08 12:07:32,0xlght
2024-04-08 12:07:32,UVA
2024-04-08 12:07:32,smoovie420
2024-04-08 12:07:32,duckie_han
2024-04-08 12:07:32,JIQQYJONES
2024-04-08 12:07:32,AnimocaVentures
2024-04-08 12:07:32,pushprotocol
2024-04-08 12:07:32,Nascentxyz
2024-04-08 12:07:32,nbxcom
2024-04-08 12:07:32,TravisBickle0x
2024-04-08 12:07:32,EVDNc8Q9j3
2024-04-08 12:07:32,bitpanda_global
2024-04-08 12:07:32,laddoy
2024-04-08 12:07:32,DJ_Wright_
2024-04-08 12:07:32,FLAMINGODAO
2024-04-08 12:07:32,sxtvik
2024-04-08 12:07:32,max_mohammadi
2024-04-08 12:07:32,brianman1
2024-04-08 12:07:32,TheLAOOfficial
2024-04-08 12:07:32,0xAneri
2024-04-08 12:07:32,amberfi_xyz
2024-04-08 12:07:32,coinbasewallet
2024-04-08 12:07:32,factionvc
2024-04-08 12:07:32,OfflineProtocol
2024-04-08 12:07:32,base
2024-04-08 12:07:32,fantasy_top_
2024-04-08 12:07:32,Forculus
2024-04-08 12:07:32,polyblockchain
2024-04-08 12:07:32,CodjoeP
2024-04-08 12:07:32,ansa_research
2024-04-08 12:07:32,itsk1cks
2024-04-08 12:07:32,LightspeedVP
2024-04-08 12:07:32,0xLawliette
2024-04-08 12:07:32,0xKipit
2024-04-08 12:07:32,multicoincap
2024-04-08 12:07:32,larpalt
2024-04-08 12:07:32,3WSxnJRymf
2024-04-08 12:07:32,BFATHIEH
2024-04-08 12:07:32,Push_DAO
2024-04-08 12:07:32,search?q=%24DITH&src=cashtag_click
2024-04-08 12:07:32,Rhynotic
2024-04-08 12:07:32,SankoGameCorp
2024-04-08 12:07:32,sfermion_
2024-04-08 12:07:32,filecointldr
2024-04-08 12:07:32,ChrisF_0x
2024-04-08 12:07:32,lightspeedvp
2024-04-08 12:07:32,spreekaway
2024-04-08 12:07:32,seammoney
2024-04-08 12:07:32,zionbets
2024-04-08 12:07:32,Starhold3r
2024-04-08 12:07:32,echodotxyz
2024-04-08 12:07:32,Blockchain
2024-04-08 12:07:32,SteimetzKinji
2024-04-08 12:07:32,Web3Maxx
2024-04-08 12:07:32,0xz80
2024-04-08 12:07:32,Citi
2024-04-08 12:07:32,4shpool
2024-04-08 12:07:32,Ftk96oSf45
2024-04-08 12:07:32,0xAIVA
2024-04-08 12:07:32,serotonin_hq
2024-04-08 12:07:32,wintermute_t
2024-04-08 12:07:32,eliqiann
2024-04-08 12:07:32,qnt6ubYV94
>>>>>>> 637e273 (ync output/ output2/)
2024-04-17 13:33:54,Deor
2024-04-17 13:33:54,protocollabs
2024-04-17 13:33:54,LightspeedPodHQ
2024-04-17 13:33:54,adriannewman21
2024-04-17 13:33:54,Forculus
2024-04-17 13:33:54,laddoy
2024-04-17 13:33:54,FactionVC
2024-04-17 13:33:54,reservoir0x
2024-04-17 13:33:54,zynga
2024-04-17 13:33:54,brianman1
2024-04-17 13:33:54,sfermion_
2024-04-17 13:33:54,fantasy_top_
2024-04-17 13:33:54,0xlght
2024-04-17 13:33:54,queenwartooth
2024-04-17 13:33:54,wintermute_t
2024-04-17 13:33:54,0xmattness
2024-04-17 13:33:54,GaussianProcess
2024-04-17 13:33:54,BasedRemyBoys
2024-04-17 13:33:54,0xAIVA
2024-04-17 13:33:54,gemzfun
2024-04-17 13:33:54,joinbasedmgmt
2024-04-17 13:33:54,dbarabander
2024-04-17 13:33:54,newmancapitalvc
2024-04-17 13:33:54,lightspeedvp
2024-04-17 13:33:54,0xKipit
2024-04-17 13:33:54,BeraMVP
2024-04-17 13:33:54,0xResearch
2024-04-17 13:33:54,SteimetzKinji
2024-04-17 13:33:54,larpalt
2024-04-17 13:33:54,0xMikado
2024-04-17 13:33:54,Nascentxyz
2024-04-17 13:33:54,Web3Maxx
2024-04-17 13:33:54,buildabera
2024-04-17 13:33:54,ansa_research
2024-04-17 13:33:54,TravisBickle0x
2024-04-17 13:33:54,Blockchain
2024-04-17 13:33:54,0xz80
2024-04-17 13:33:54,Ftk96oSf45
2024-04-17 13:33:54,smyyguy
2024-04-17 13:33:54,upshothq
2024-04-17 13:33:54,AnimocaVentures
2024-04-17 13:33:54,0xSamHarrison
2024-04-17 13:33:54,LightspeedVP
2024-04-17 13:33:54,duckie_han
2024-04-17 13:33:54,filecointldr
2024-04-17 13:33:54,Dither_Solana
2024-04-17 13:33:54,3WSxnJRymf
2024-04-17 13:33:54,oeqbmZvc4m
2024-04-17 13:33:54,blockworksres
2024-04-17 13:33:54,MessariCrypto
2024-04-17 13:33:54,BlockworksRes
2024-04-17 13:33:54,d_gilz
2024-04-17 13:33:54,EisenLabs
2024-04-17 13:33:54,0xjakee
2024-04-17 13:33:54,spreekaway
2024-04-17 13:33:54,variantfund
2024-04-17 13:33:54,nolchashows
2024-04-17 13:33:54,j0hnwang
2024-04-17 13:33:54,n1_jay
2024-04-17 13:33:54,paradigm
2024-04-17 13:33:54,Rhynotic
2024-04-17 13:33:54,immutable
2024-04-17 13:33:54,intuitio_
2024-04-17 13:33:54,NikhilChatu
2024-04-17 13:33:54,decentraland
2024-04-17 13:33:54,MorganStanley
2024-04-17 13:33:54,filecoin
2024-04-17 13:33:54,avax
2024-04-17 13:33:54,SmokeyTheBera
2024-04-17 13:33:54,factionvc
2024-04-17 13:33:54,swmartin19
2024-04-17 13:33:54,BFATHIEH
2024-04-17 13:33:54,berachain
2024-04-17 13:33:54,messaricrypto
2024-04-17 13:33:54,JIQQYJONES
2024-04-17 13:33:54,Newmangrp
2024-04-17 13:33:54,viKjugaOCy
2024-04-17 13:33:54,RelayProtocol
2024-04-17 13:33:54,rbsblockchain
2024-04-17 13:33:54,p3shoemaker
2024-04-17 13:33:54,0xLawliette
2024-04-17 13:33:54,higheronchain
2024-04-17 13:33:54,jtwald
2024-04-17 13:33:54,dailybrd
2024-04-17 13:33:54,playco
2024-04-17 13:33:54,search?q=%24DITH&src=cashtag_click
2024-04-17 13:33:54,armorlabs
2024-04-17 13:33:54,dapperlabs
2024-05-03 16:56:27,placeholdervc
2024-05-03 16:56:27,epplex_xyz
2024-05-03 16:56:27,agenticmarkets
2024-05-03 16:56:27,ohUHoMahvn
2024-05-03 16:56:27,alloranetwork
2024-05-03 16:56:27,gevulot_network
2024-05-03 16:56:27,oneofweb3
2024-05-03 16:56:27,8vHwPUfj7E
2024-05-03 16:56:27,solarplex_xyz
2024-05-03 16:56:27,teemupai
2024-05-03 16:56:27,n0tbydesign
2024-05-03 16:56:27,calblockchain
2024-05-03 16:56:27,DrxlEth
2024-05-03 16:56:27,blessed_burgers
2024-05-03 16:56:27,bert_keenan
2024-05-03 16:56:27,Di02aEsuzL
2024-05-03 16:56:27,privy_io
2024-05-03 16:56:27,sxysun1
2024-05-03 16:56:27,segall_max
2024-05-03 16:56:27,ucberkeley
2024-05-03 16:56:27,DCGco
2024-05-03 16:56:27,foundation_artb
2024-05-03 16:56:27,tim_khoury
2024-05-03 16:56:27,curiousgurnoor
2024-05-03 16:56:27,consensys
2024-05-03 16:56:27,oracle
