2024-04-05 21:08:39,advaitjayant
2024-04-05 21:08:39,search?q=%24PASTA&src=cashtag_click
2024-04-05 21:08:39,sanchans
2024-04-05 21:08:39,BodoggosNFT
2024-04-05 21:08:39,VhJYSB7fda
2024-04-05 21:08:39,yparikh98
2024-04-05 21:08:39,jpmorgan
2024-04-05 21:08:39,therealsanchan
2024-04-05 21:08:39,T_H_Crypto
2024-04-05 21:08:39,9gagceo
2024-04-05 21:08:39,withponto
2024-04-05 21:08:39,allnick
2024-04-05 21:08:39,BainCapVC
2024-04-05 21:08:39,kelxyz_
2024-04-05 21:08:39,OReillyMedia
2024-04-05 21:08:39,bgilliam1982
2024-04-05 21:08:39,RonMiasnik
2024-04-05 21:08:39,cryptodatabytes
2024-04-05 21:08:39,GaryVee
2024-04-05 21:08:39,Ftk96oSf45
2024-04-05 21:08:39,a1lon9
2024-04-05 21:08:39,conzimp
2024-04-05 21:08:39,kiwi___app
2024-04-05 21:08:39,Plex_Official
2024-04-05 21:08:39,JamesJohnBeck
2024-04-05 21:08:39,riotgames
2024-04-05 21:08:39,fabric_vc
2024-04-05 21:08:39,everyrealm
2024-04-05 21:08:39,zfellows_
2024-04-05 21:08:39,metamask
2024-04-05 21:08:39,Solana
2024-04-05 21:08:39,jinglingcookies
2024-04-05 21:08:39,faionur
2024-04-05 21:08:39,animocabrands
2024-04-05 21:08:39,unitygames
2024-04-05 21:08:39,interestedfyi
2024-04-05 21:08:39,niftyportal
2024-04-05 21:08:39,pumpdotfun
2024-04-05 21:08:39,web3talks
2024-04-05 21:08:39,bradfein
2024-04-05 21:08:39,PleasrDAO
2024-04-05 21:08:39,copypastacoin
2024-04-05 21:08:39,mechanismcap
2024-04-05 21:08:39,UCL
2024-04-05 21:08:39,FireblocksHQ
2024-04-05 21:08:39,supersightxyz
2024-04-05 21:08:39,karma3labs
2024-04-05 21:08:39,Jessesawa
2024-04-05 21:08:39,celoorg
2024-04-05 21:08:39,tldr_x
2024-04-05 21:08:39,Memeland
2024-04-05 21:08:39,DUQzxEeaHT
2024-04-05 21:08:39,kt_nowk
2024-04-05 21:08:39,CantoPublic
2024-04-05 21:08:39,viamirror
2024-04-05 21:08:39,Developer_DAO
2024-04-05 21:08:39,janineyorio
2024-04-05 21:08:39,thielfellowship
2024-04-05 21:08:39,LBS
2024-04-05 21:08:39,sapijiju
2024-04-05 21:08:39,joshcrnls
2024-04-05 21:08:39,ali_debow
2024-04-05 21:08:39,9GAG
2024-04-05 21:08:39,blockchainFF
2024-04-05 21:08:39,michael_lwy
2024-04-05 21:08:39,0xlght
2024-04-05 21:08:39,Rewkang
2024-04-05 21:08:39,Memecoin
2024-04-05 21:08:39,tamgros
2024-04-05 21:08:39,messaricrypto
2024-04-05 21:08:39,HsakaTrades
2024-04-05 21:08:39,vFZF03OlUR
2024-04-05 21:08:39,blknoiz06
2024-04-05 21:08:39,stoolpresidente
2024-04-05 21:08:39,0xNickAllen
2024-04-05 21:08:39,MacBudkowski
2024-04-05 21:08:39,FJG1n2vB2G
2024-04-05 21:08:39,JesseRising
2024-04-05 21:08:39,theblockcrunch
2024-04-05 21:08:39,KiwiNewsHQ
2024-04-05 21:08:39,seedclubhq
2024-04-05 21:08:39,northwesternU
2024-04-05 21:08:39,Chipagosfinest
2024-04-05 21:08:39,VMcr74eLpb
2024-04-05 21:08:39,dzastr_eth
2024-04-05 21:08:39,ConsenSysMesh
2024-04-05 21:08:39,consensys
2024-04-05 21:08:39,GajukECROn
2024-04-05 21:08:39,joinswsh
2024-04-05 21:08:39,BracketHQ
