2024-04-05 20:28:34,pxl_industries
2024-04-05 20:28:34,LEVERAGED_LABS
2024-04-05 20:28:34,getsolatoms
2024-04-05 20:28:34,broke0x
2024-04-05 20:28:34,catalinawhales
2024-04-05 20:28:34,Peterpandam
2024-04-05 20:28:34,S0L_S0LDIER
2024-04-05 20:28:34,BullyzCrew
2024-04-05 20:28:34,Tripleboulders
2024-04-05 20:28:34,CatalinaDAO
2024-04-05 20:28:34,0xbarbaross4
2024-04-05 20:28:34,Claynosaurz
2024-04-05 20:28:34,UnityVenturesVC
2024-04-05 20:28:34,lumidawealth
2024-04-05 20:28:34,Oligotsol
2024-04-05 20:28:34,azuki
2024-04-05 20:28:34,joiceloo_art
2024-04-05 20:28:34,artbydouglxss
2024-04-05 20:28:34,f4oFyOG1kN
2024-04-05 20:28:34,reaversnft
2024-04-05 20:28:34,shilstone_arts
2024-04-05 20:28:34,the_mantheman
2024-04-05 20:28:34,megaeth_labs
2024-04-05 20:28:34,binancelabs
2024-04-05 20:28:34,madlads
2024-04-05 20:28:34,Y0lkix
2024-04-05 20:28:34,SWDrH7qPZq
2024-04-05 20:28:34,Dota2TI
2024-04-05 20:28:34,MetavestCapital
2024-04-05 20:28:34,HotHeadsNFT
2024-04-05 20:28:34,nounsesports
2024-04-05 20:28:34,TheRealGapper
2024-04-05 20:28:34,DeGodsNFT
2024-04-05 20:28:34,search?q=%24CHONKY&src=cashtag_click
2024-04-05 20:28:34,KillLif3
2024-04-05 20:28:34,LunaLabsVC
2024-04-05 20:28:34,5hanksy
2024-04-05 20:28:34,Joobeer87
2024-04-05 20:28:34,sphereone_
2024-04-05 20:28:34,cookie3_com
2024-04-05 20:28:34,ryanmcnutty33
2024-04-05 20:28:34,DegenVince
2024-04-05 20:28:34,SteadyStackNFT
2024-04-05 20:28:34,Cosmarchs
2024-04-05 20:28:34,DeadKingSociety
2024-04-05 20:28:34,ghions_
2024-04-05 20:28:34,spaceman_spock
2024-04-05 20:28:34,clayno_capital
2024-04-05 20:28:34,oddfellowstv
2024-04-05 20:28:34,FamousFoxFed
2024-04-05 20:28:34,Sega
2024-04-05 20:28:34,uzcot3QfeI
2024-04-05 20:28:34,whalevator
2024-04-05 20:28:34,NFTskrt
2024-04-05 20:28:34,moleculebtc
2024-04-05 20:28:34,search?q=%24ETH&src=cashtag_click
2024-04-05 20:28:34,Sonarwatch
2024-04-05 20:28:34,zuckSol
2024-04-05 20:28:34,NeoTokyoCode
2024-04-05 20:28:34,alpha_gardeners
2024-04-05 20:28:34,dumpling_sol
2024-04-05 20:28:34,search?q=%24HAT&src=cashtag_click
2024-04-05 20:28:34,Oncorelabs
2024-04-05 20:28:34,TheBooMonsters
2024-04-05 20:28:34,0xGeninsus
2024-04-05 20:28:34,Stealth_NFTs
2024-04-05 20:28:34,32BitVentures
2024-04-05 20:28:34,beanzofficial
2024-04-05 20:28:34,TheEmpireDAO
2024-04-05 20:28:34,blackstone
2024-04-05 20:28:34,St3cu1
2024-04-05 20:28:34,SolanaMBS
2024-04-05 20:28:34,GalacticGeckoSG
2024-04-05 20:28:34,GenesysGo
2024-04-05 20:28:34,spiritdao
2024-04-05 20:28:34,lukk_mik
2024-04-05 20:28:34,Pixelmon
2024-04-05 20:28:34,Cesco_Sol
2024-04-05 20:28:34,mike_mrkite
2024-04-05 20:28:34,todaythegame
2024-04-05 20:28:34,degodsnft
2024-04-05 20:28:34,DMotta_182
2024-04-05 20:28:34,thewhalesmusic
2024-04-05 20:28:34,AgoraDollar
2024-04-05 20:28:34,monkeDAO
2024-04-05 20:28:34,gvrn_ai
2024-04-05 20:28:34,JoinCompute
2024-04-05 20:28:34,CriptoCapitalMX
2024-04-05 20:28:34,publique_world
2024-04-05 20:28:34,cryptobynight
2024-04-05 20:28:34,nftgoat
2024-04-05 20:28:34,hotpot_dao
2024-04-05 20:28:34,MultiChainInc
2024-04-05 20:28:34,theKasagi
2024-04-05 20:28:34,MonkeDAO
2024-04-05 20:28:34,OrdinalMaxiBiz
2024-04-05 20:28:34,andye81crypto
2024-04-05 20:28:34,chasegm_
2024-04-05 20:28:34,Nintendo
2024-04-05 20:28:34,Azuki
2024-04-05 20:28:34,harvardhbs
2024-04-05 20:28:34,XDegods
2024-04-05 20:28:34,solsneks
2024-04-05 20:28:34,Collab_Currency
2024-04-05 20:28:34,y00tsNFT
2024-04-05 20:28:34,kevinhsu789gma1
2024-04-05 20:28:34,MoonEkko33
2024-04-05 20:28:34,mimoneysol
2024-04-05 20:28:34,solmaniac_
2024-04-05 20:28:34,Liquidxstudio
2024-04-05 20:28:34,WAGMIBeachMafia
2024-04-05 20:28:34,alphatradingvol
2024-04-05 20:28:34,nakamotowhales
2024-04-05 20:28:34,ramahluwalia
2024-04-05 20:28:34,DegenSenpaii
2024-04-05 20:28:34,y7_y00ts
2024-04-05 20:28:34,TheKingdomWrld
2024-04-05 20:28:34,Sfermion_
2024-04-05 20:28:34,The0nlyWill
2024-04-05 20:28:34,alexjmingolla
2024-04-08 15:39:14,kevinhsu789gma1
2024-04-08 15:39:14,FamousFoxFed
2024-04-08 15:39:14,ghions_
2024-04-08 15:39:14,CriptoCapitalMX
2024-04-08 15:39:14,blackstone
2024-04-08 15:39:14,the_mantheman
2024-04-08 15:39:14,LEVERAGED_LABS
2024-04-08 15:39:14,ramahluwalia
2024-04-08 15:39:14,search?q=%24ETH&src=cashtag_click
2024-04-08 15:39:14,0xGeninsus
2024-04-08 15:39:14,getsolatoms
2024-04-08 15:39:14,cryptobynight
2024-04-08 15:39:14,32BitVentures
2024-04-08 15:39:14,spiritdao
2024-04-08 15:39:14,joiceloo_art
2024-04-08 15:39:14,XDegods
2024-04-08 15:39:14,BullyzCrew
2024-04-08 15:39:14,mike_mrkite
2024-04-08 15:39:14,DegenVince
2024-04-08 15:39:14,NFTskrt
2024-04-08 15:39:14,beanzofficial
2024-04-08 15:39:14,Sonarwatch
2024-04-08 15:39:14,DeadKingSociety
2024-04-08 15:39:14,LunaLabsVC
2024-04-08 15:39:14,solsneks
2024-04-08 15:39:14,TrenchDAO
2024-04-08 15:39:14,nftgoat
2024-04-08 15:39:14,Azuki
2024-04-08 15:39:14,moleculebtc
2024-04-08 15:39:14,Sfermion_
2024-04-08 15:39:14,Cosmarchs
2024-04-08 15:39:14,TheRealGapper
2024-04-08 15:39:14,oddfellowstv
2024-04-08 15:39:14,Collab_Currency
2024-04-08 15:39:14,publique_world
2024-04-08 15:39:14,hotpot_dao
2024-04-08 15:39:14,SolanaMBS
2024-04-08 15:39:14,Liquidxstudio
2024-04-08 15:39:14,SteadyStackNFT
2024-04-08 15:39:14,The0nlyWill
2024-04-08 15:39:14,Z2H85WNZN0
2024-04-08 15:39:14,AgoraDollar
2024-04-08 15:39:14,TheEmpireDAO
2024-04-08 15:39:14,chasegm_
2024-04-08 15:39:14,MonkeDAO
2024-04-08 15:39:14,5hanksy
2024-04-08 15:39:14,shilstone_arts
2024-04-08 15:39:14,binancelabs
2024-04-08 15:39:14,harvardhbs
2024-04-08 15:39:14,Cesco_Sol
2024-04-08 15:39:14,MultiChainInc
2024-04-08 15:39:14,y7_y00ts
2024-04-08 15:39:14,pxl_industries
2024-04-08 15:39:14,broke0x
2024-04-08 15:39:14,nounsesports
2024-04-08 15:39:14,theKasagi
2024-04-08 15:39:14,spaceman_spock
2024-04-08 15:39:14,Oligotsol
2024-04-08 15:39:14,HotHeadsNFT
2024-04-08 15:39:14,solmaniac_
2024-04-08 15:39:14,clayno_capital
2024-04-08 15:39:14,Y0lkix
2024-04-08 15:39:14,0xbarbaross4
2024-04-08 15:39:14,MetavestCapital
2024-04-08 15:39:14,TheKingdomWrld
2024-04-08 15:39:14,Dota2TI
2024-04-08 15:39:14,gvrn_ai
2024-04-08 15:39:14,OrdinalMaxiBiz
2024-04-08 15:39:14,dumpling_sol
2024-04-08 15:39:14,Tripleboulders
2024-04-08 15:39:14,search?q=%24CHONKY&src=cashtag_click
2024-04-08 15:39:14,Pixelmon
2024-04-08 15:39:14,NeoTokyoCode
2024-04-08 15:39:14,Stealth_NFTs
2024-04-08 15:39:14,megaeth_labs
2024-04-08 15:39:14,DeGodsNFT
2024-04-08 15:39:14,Claynosaurz
2024-04-08 15:39:14,UnityVenturesVC
2024-04-08 15:39:14,sphereone_
2024-04-08 15:39:14,todaythegame
2024-04-08 15:39:14,Sega
2024-04-08 15:39:14,uzcot3QfeI
2024-04-08 15:39:14,Peterpandam
2024-04-08 15:39:14,S0L_S0LDIER
2024-04-08 15:39:14,madlads
2024-04-08 15:39:14,MoonEkko33
2024-04-08 15:39:14,artbydouglxss
2024-04-08 15:39:14,lumidawealth
2024-04-08 15:39:14,monkeDAO
2024-04-08 15:39:14,GenesysGo
2024-04-08 15:39:14,TheBooMonsters
2024-04-08 15:39:14,ryanmcnutty33
2024-04-08 15:39:14,GalacticGeckoSG
2024-04-08 15:39:14,JoinCompute
2024-04-08 15:39:14,Nintendo
2024-04-08 15:39:14,Consensys
2024-04-08 15:39:14,jussy_world
2024-04-08 15:39:14,mimoneysol
2024-04-08 15:39:14,reaversnft
2024-04-08 15:39:14,azuki
2024-04-08 15:39:14,Joobeer87
2024-04-08 15:39:14,SWDrH7qPZq
2024-04-08 15:39:14,alexjmingolla
2024-04-08 15:39:14,f4oFyOG1kN
2024-04-17 12:50:53,trustlesseng
2024-04-17 12:50:53,harvardhbs
2024-04-17 12:50:53,Trade_Aptitude
2024-04-17 12:50:53,Collab_Currency
2024-04-17 12:50:53,DeadKingSociety
2024-04-17 12:50:53,ucberkeley
2024-04-17 12:50:53,sunrisestake
2024-04-17 12:50:53,artbydouglxss
2024-04-17 12:50:53,LEVERAGED_LABS
2024-04-17 12:50:53,pulsr_ai
2024-04-17 12:50:53,LucidDrakes
2024-04-17 12:50:53,assisterr
2024-04-17 12:50:53,y00tsNFT
2024-04-17 12:50:53,0xbarbaross4
2024-04-17 12:50:53,splunk
2024-04-17 12:50:53,BoredApeSolanaClub
2024-04-17 12:50:53,32BitVentures
2024-04-17 12:50:53,coke_sol
2024-04-17 12:50:53,MonkeDAO
2024-04-17 12:50:53,TheRealGapper
2024-04-17 12:50:53,Z2H85WNZN0
2024-04-17 12:50:53,dealphaxyz
2024-04-17 12:50:53,OnchainStoic
2024-04-17 12:50:53,MavenFinance
2024-04-17 12:50:53,Sega
2024-04-17 12:50:53,JoinCompute
2024-04-17 12:50:53,DeGodsNFT
2024-04-17 12:50:53,wormholecrypto
2024-04-17 12:50:53,todaythegame
2024-04-17 12:50:53,Slice
2024-04-17 12:50:53,Web3Quant
2024-04-17 12:50:53,ComposableFin
2024-04-17 12:50:53,Azuki
2024-04-17 12:50:53,RarestoneCap
2024-04-17 12:50:53,MetavestCapital
2024-04-17 12:50:53,MayanFinance
2024-04-17 12:50:53,megaeth_labs
2024-04-17 12:50:53,hackthedefi
2024-04-17 12:50:53,Liquidxstudio
2024-04-17 12:50:53,MavrykDynamics
2024-04-17 12:50:53,Pixelmon
2024-04-17 12:50:53,Nintendo
2024-04-17 12:50:53,Consensys
2024-04-17 12:50:53,theKasagi
2024-04-17 12:50:53,Primorden
2024-04-17 12:50:53,spiritdao
2024-04-17 12:50:53,jussy_world
2024-04-17 12:50:53,SuperteamDAO
2024-04-17 12:50:53,solzaclim
2024-04-17 12:50:53,0xAnteater
2024-04-17 12:50:53,jtordway
2024-04-17 12:50:53,google
2024-04-17 12:50:53,ZDNFTs
2024-04-17 12:50:53,whale_chapo
2024-04-17 12:50:53,The_Saber_Dao
2024-04-17 12:50:53,search?q=%24CHONKY&src=cashtag_click
2024-04-17 12:50:53,ennio_nasca
2024-04-17 12:50:53,Yannis_sp
2024-04-17 12:50:53,osVg9uuXFv
2024-04-17 12:50:53,h0LkoZiHWD
2024-04-17 12:50:53,solanaguvnor
2024-04-17 12:50:53,hotpot_dao
2024-04-17 12:50:53,Sfermion_
2024-04-17 12:50:53,5Talker_
2024-04-17 12:50:53,OkayRadio_
2024-04-17 12:50:53,aceddeca1
2024-04-17 12:50:53,Solana
2024-04-17 12:50:53,Cheluis_oso
2024-04-17 12:50:53,nick_havryliak
2024-04-17 12:50:53,SolanaMBS
2024-04-17 12:50:53,BoredApeYC
2024-04-17 12:50:53,chatwithcharles
2024-04-17 12:50:53,search?q=%24ETH&src=cashtag_click
2024-04-17 12:50:53,CambridgeJBS
2024-04-17 12:50:53,RioQuinn_
2024-04-17 12:50:53,Stoiiic
2024-04-17 12:50:53,TrenchDAO
2024-04-17 12:50:53,ArtMonk8181
2024-04-17 12:50:53,_buildspace
2024-04-17 12:50:53,gvrn_ai
2024-04-17 12:50:53,S5sHlZKqhQ
2024-04-17 12:50:53,goldmine_tools
2024-04-17 12:50:53,BlockrideNFT
2024-04-17 12:50:53,AllDomains_
2024-04-17 12:50:53,BullyzCrew
2024-04-17 12:50:53,shoucccc
2024-04-17 12:50:53,VestExchange
2024-04-17 12:50:53,AstriaOrg
2024-04-17 12:50:53,mike_mrkite
2024-04-17 12:50:53,MavrykNetwork
2024-05-03 16:16:29,CryptoUndeads
2024-05-03 16:16:29,TombStonedHS
2024-05-03 16:16:29,0xBalloonLover
2024-05-03 16:16:29,DeGodsNFT
2024-05-03 16:16:29,EyeNoahGuy8
2024-05-03 16:16:29,rexstjohn
2024-05-03 16:16:29,bluegeckoo
2024-05-03 16:16:29,GooGlitz
2024-05-03 16:16:29,Eason_C13
2024-05-03 16:16:29,SeizureJuulius
2024-05-03 16:16:29,cmsholdings
2024-05-03 16:16:29,SuiNetwork
2024-05-03 16:16:29,yangl1996
2024-05-03 16:16:29,runespad
2024-05-03 16:16:29,movementlabsxyz
2024-05-03 16:16:29,MonkeDAO
2024-05-03 16:16:29,nim_network
2024-05-03 16:16:29,tvneversells
2024-05-03 16:16:29,sequoia
2024-05-03 16:16:29,Move__jay
2024-05-03 16:16:29,0xRodney
2024-05-03 16:16:29,YaSs3r37
2024-05-03 16:16:29,Bybit_Official
2024-05-03 16:16:29,ethereum
2024-05-03 16:16:29,ReFiSummit
2024-05-03 16:16:29,bucket_protocol
2024-05-03 16:16:29,DeFi_Cheetah
2024-05-03 16:16:29,modenetwork
2024-05-03 16:16:29,andy__de
2024-05-03 16:16:29,angellist
2024-05-03 16:16:29,SpiderCrypto0x
2024-05-03 16:16:29,kraneonchain
2024-05-03 16:16:29,MonkeyBabyBiz
2024-05-03 16:16:29,chsolccol
2024-05-03 16:16:29,Novachrome_x377
2024-05-03 16:16:29,cmuhcii
2024-05-03 16:16:29,VtorVentura1
2024-05-03 16:16:29,spiritdao
2024-05-03 16:16:29,ChadGoldd
2024-05-03 16:16:29,megaeth_labs
2024-05-03 16:16:29,nftdubai_com
2024-05-03 16:16:29,Suinetwork
2024-05-03 16:16:29,CharDeFiAll
2024-05-03 16:16:29,SevenXVentures
2024-05-03 16:16:29,0xGeeGee
2024-05-03 16:16:29,dragonfly_xyz
2024-05-03 16:16:29,moutaifund
2024-05-03 16:16:29,eigenlayer
2024-05-03 16:16:29,linsajiao
2024-05-03 16:16:29,ApolloAlgo
2024-05-03 16:16:29,_kaitoai
2024-05-03 16:16:29,citsecurities
2024-05-03 16:16:29,search?q=%24BONK&src=cashtag_click
2024-05-03 16:16:29,echodotxyz
2024-05-03 16:16:29,dj_d_sol
2024-05-03 16:16:29,JRossTreacher
2024-05-03 16:16:29,y00tsNFT
2024-05-03 16:16:29,angle_health
2024-05-03 16:16:29,ethena_labs
2024-05-03 16:16:29,gopher_marc
2024-05-03 16:16:29,hack_vc
2024-05-03 16:16:29,0xstrobe
2024-05-03 16:16:29,Wikileaks
2024-05-03 16:16:29,LawliettesLab
2024-05-03 16:16:29,9CgjTXllIK
2024-05-03 16:16:29,5q7Va5rmHb
2024-05-03 16:16:29,monad_xyz
2024-05-03 16:16:29,Natan_benish
2024-05-03 16:16:29,CyversAlerts
2024-05-03 16:16:29,intern
2024-05-03 16:16:29,SUPERBASEDD
2024-05-03 16:16:29,AliceL991
2024-05-03 16:16:29,ForesightVen
2024-05-03 16:16:29,0x0xleft
2024-05-03 16:16:29,_d3f4ult
2024-05-03 16:16:29,itsampera
2024-05-03 16:16:29,Cyvers_
2024-05-03 16:16:29,runes_terminal
2024-05-03 16:16:29,Defi_brian
2024-05-03 16:16:29,Louissongyz
2024-05-03 16:16:29,cobie
2024-05-08 16:50:45,PrimordialAA
2024-05-08 16:50:45,BZrQMGkEzg
2024-05-08 16:50:45,BonkeDAO
2024-05-08 16:50:45,solanaturbine
2024-05-08 16:50:45,overseerwav
2024-05-08 16:50:45,photofinishgame
2024-05-08 16:50:45,_chefke
2024-05-08 16:50:45,DFlowProtocol
2024-05-08 16:50:45,HighOctaneRace
2024-05-08 16:50:45,victoryisland
2024-05-08 16:50:45,Gen3Network
2024-05-08 16:50:45,chads_and_dads
2024-05-08 16:50:45,ironaddicteddog
2024-05-08 16:50:45,base
2024-05-08 16:50:45,RacingCreekFarm
2024-05-08 16:50:45,nim_Network
2024-05-08 16:50:45,Crateplace
2024-05-08 16:50:45,ApolloByZeus
2024-05-08 16:50:45,LayerZero_Labs
2024-05-08 16:50:45,bitpingapp
2024-05-08 16:50:45,GameShift_dev
2024-05-08 16:50:45,Claynosaurz
2024-05-08 16:50:45,BorpaTokencom
2024-05-08 16:50:45,solanalabs
2024-05-08 16:50:45,tensor_hq
2024-05-08 16:50:45,DLG1077
2024-05-08 16:50:45,Bears_Deluxe
2024-05-08 16:50:45,deanmlittle
2024-05-08 16:50:45,zeusnetworkhq
2024-05-08 16:50:45,WuDavide7
2024-05-08 16:50:45,ZeusNetworkHQ
2024-05-08 16:50:45,EntangleFi
2024-05-08 16:50:45,nftimm_sol
2024-05-08 16:50:45,FeederRotation
2024-05-08 16:50:45,AlphaPharaohs
2024-05-08 16:50:45,hustletoshi
2024-05-08 16:50:45,pudgypenguins
2024-05-08 16:50:45,AltAssetKing
2024-05-08 16:50:45,Battle0xTitans
2024-05-08 16:50:45,nftcolty
2024-05-09 16:49:02,_Crypt0King_
2024-05-09 16:49:02,search?q=%24SOL&src=cashtag_click
2024-05-09 16:49:02,Solana
2024-05-09 16:49:02,nafflesofficial
2024-05-09 16:49:02,solanaMBS
2024-05-09 16:49:02,juicerfi
2024-05-09 16:49:02,tomorrowlandnft
2024-05-09 16:49:02,10xSol
2024-05-09 16:49:02,_portals_
2024-05-10 15:54:45,Bet_Hog
2024-05-10 15:54:45,burnt_
2024-05-10 15:54:45,torqueprotocol
2024-05-10 15:54:45,0xsmick
2024-05-10 15:54:45,ArchNtwrk
2024-05-10 15:54:45,metaplex
2024-05-15 13:25:15,aoTheComputer
2024-05-15 13:25:15,Amir0X1
2024-05-15 13:25:15,AlwinPeng
2024-05-15 13:25:15,CoinDesk
2024-05-15 13:25:15,calilyliu
2024-05-15 13:25:15,boldleonidas
2024-05-15 13:25:15,anagramxyz
2024-05-15 13:25:15,3rm_co
2024-05-15 13:25:15,sol_joke
2024-05-15 13:25:15,hyperbolic_labs
2024-05-15 13:25:15,KelsierVentures
2024-05-15 13:25:15,DeadKingSociety
2024-05-15 13:25:15,consensus2024
2024-05-15 13:25:15,solayer_labs
2024-05-15 13:25:15,osmosiszone
2024-05-15 13:25:15,0xjackson_
2024-05-15 13:25:15,DeFiAzog
2024-05-15 13:25:15,crateplace
2024-05-15 13:25:15,pumpmarkets
2024-05-15 13:25:15,solanafndn
2024-05-15 13:25:15,SicSjxPXt3
2024-05-15 13:25:15,s0ybo1
2024-05-15 13:25:15,SolShortBrain
2024-05-15 13:25:15,SaGT3y9AtE
2024-05-15 13:25:15,xyZeroU_
2024-05-15 13:25:15,puente_ai
2024-05-15 13:25:15,superteamdao
2024-05-15 13:25:15,bonkbot_io
2024-05-15 13:25:15,SolanaHubApp
2024-05-15 13:25:15,vertex_protocol
2024-05-20 19:35:00,paradigm
2024-05-20 19:35:00,Uniswap
2024-05-20 19:35:00,TheBlock__
2024-05-20 19:35:00,solana
2024-05-20 19:35:00,popsetxyz
2024-05-20 19:35:00,wintermute_t
2024-05-20 19:35:00,outdoteth
2024-05-20 19:35:00,Botborgs
2024-05-20 19:35:00,wtfisramp
2024-05-20 19:35:00,kolelee_
2024-05-20 19:35:00,dYdX
2024-05-20 19:35:00,zkchakra
2024-05-20 19:35:00,stanfordcrypto
2024-05-20 19:35:00,Ripple
2024-05-20 19:35:00,FrankResearcher
2024-05-20 19:35:00,aothecomputer
2024-05-20 19:35:00,sapijiju
2024-05-20 19:35:00,pumpdotfun
2024-05-20 19:35:00,permadumdum
2024-05-20 19:35:00,0xLitquidity
2024-05-20 19:35:00,EclipseFND
2024-05-20 19:35:00,MrMrsanony
2024-05-20 19:35:00,stanford
2024-05-20 19:35:00,reflectcx
2024-05-22 16:48:46,vibersdao
2024-05-22 16:48:46,TheMethodMav_
2024-05-22 16:48:46,slapcitygame
2024-05-22 16:48:46,0xzeus50
2024-05-22 16:48:46,dandraco51
2024-05-22 16:48:46,M31Capital
2024-05-22 16:48:46,oasix_dao
2024-05-22 16:48:46,crynuxai
2024-05-22 16:48:46,poko5gx
2024-05-22 16:48:46,frachtisvc
2024-05-22 16:48:46,ChorusOne
2024-05-22 16:48:46,lambodao_
2024-05-22 16:48:46,TheHermansClub
2024-05-22 16:48:46,degodsnft
2024-05-22 16:48:46,anza_xyz
2024-05-22 16:48:46,BonesSolanaNFT
2024-05-22 16:48:46,NGC_Ventures
2024-05-22 16:48:46,EoxbxCvXTR
2024-05-22 16:48:46,MazulTov
2024-05-22 16:48:46,DeLocalJordis
2024-05-22 16:48:46,6thManVentures
2024-05-22 16:48:46,SolanaSummitOrg
2024-05-22 16:48:46,0zHW5GEcvU
2024-05-22 16:48:46,InteropVC
2024-05-22 16:48:46,mustafakqazi
2024-05-22 16:48:46,injectiveMonke
2024-05-22 16:48:46,dingalingts
2024-05-22 16:48:46,HpacjD8ATN
