2024-04-05 22:12:06,ramonrecuero
2024-04-05 22:12:06,ChapterOne
2024-04-05 22:12:06,Kennedy_School
2024-04-05 22:12:06,KD2Moon
2024-04-05 22:12:06,adubupt
2024-04-05 22:12:06,xmJsD4671g
2024-04-05 22:12:06,X6wEYgOVMg
2024-04-05 22:12:06,0xjackson_
2024-04-05 22:12:06,pgpsam
2024-04-05 22:12:06,ZircuitL2
2024-04-05 22:12:06,AnimocaVentures
2024-04-05 22:12:06,Civickey
2024-04-05 22:12:06,fmgroupxyz
2024-04-05 22:12:06,jtriest
2024-04-05 22:12:06,whalecalls
2024-04-05 22:12:06,rumidotai
2024-04-05 22:12:06,IamNomad
2024-04-05 22:12:06,Sequoia
2024-04-05 22:12:06,LudlowVentures
2024-04-05 22:12:06,isnotmintedyet
2024-04-05 22:12:06,Roolznft
2024-04-05 22:12:06,ray_mandar
2024-04-05 22:12:06,Wharton
2024-04-05 22:12:06,Synquote
2024-04-05 22:12:06,tappscenter
2024-04-05 22:12:06,3rm_co
2024-04-05 22:12:06,clifford_chance
2024-04-05 22:12:06,getpinxyz
2024-04-05 22:12:06,CeloOrg
2024-04-05 22:12:06,KIPprotocol
2024-04-05 22:12:06,jessechenglyu
2024-04-05 22:12:06,SquadsProtocol
2024-04-05 22:12:06,aethosnetwork
2024-04-05 22:12:06,rabbit_hmi
2024-04-05 22:12:06,getmasafi
2024-04-05 22:12:06,_WOO_X
2024-04-05 22:12:06,pumpernikhil
2024-04-05 22:12:06,fusewallet
2024-04-05 22:12:06,crypthooem
2024-04-05 22:12:06,search?q=%24KIP&src=cashtag_click
2024-04-05 22:12:06,0xfoobar
2024-04-05 22:12:06,PleasrDAO
2024-04-05 22:12:06,PowerPod_People
2024-04-05 22:12:06,nascentxyz
2024-04-05 22:12:06,1Py4HpYTxo
2024-04-05 22:12:06,FoliusVentures
2024-04-05 22:12:06,mechanismcap
2024-04-05 22:12:06,tensor_hq
2024-04-05 22:12:06,search?q=%24YBR&src=cashtag_click
2024-04-05 22:12:06,commmmmunity
2024-04-05 22:12:06,alexandrastaex
2024-04-05 22:12:06,ACGeoEcon
2024-04-05 22:12:06,thenotcoin
2024-04-05 22:12:06,gxL9R5LHwO
2024-04-05 22:12:06,VinnyLingham
2024-04-05 22:12:06,wkgbddj110
2024-04-05 22:12:06,_sk1122
2024-04-05 22:12:06,brettdem
2024-04-05 22:12:06,kintoxyz
2024-04-05 22:12:06,_Kelly_Ye_
2024-04-05 22:12:06,BouIkuiqlp
2024-04-05 22:12:06,LauraTJD
2024-04-05 22:12:06,hexonaut
2024-04-05 22:12:06,rng_gallery
2024-04-05 22:12:06,Yale
2024-04-05 22:12:06,TheFlowHorse
2024-04-05 22:12:06,satsdart
2024-04-05 22:12:06,simpelyfe
2024-04-05 22:12:06,JackLipstone
2024-04-05 22:12:06,InvestigateTV
2024-04-05 22:12:06,ludlowventures
2024-04-05 22:12:06,iotex_io
2024-04-05 22:12:06,ForesightVen
2024-04-05 22:12:06,clustersxyz
2024-04-05 22:12:06,portal_finance
2024-04-05 22:12:06,m1lesdeuttscher
2024-04-05 22:12:06,Rewkang
2024-04-05 22:12:06,heliuslabs
2024-04-05 22:12:06,pd5egcwzLP
2024-04-05 22:12:06,sonu_stream
2024-04-05 22:12:06,Nutcrackers_TON
2024-04-05 22:12:06,jugendingenieur
2024-04-05 22:12:06,SimkinStepan
2024-04-05 22:12:06,vinnylinghampod
2024-04-05 22:12:06,Quark_Chain
2024-04-05 22:12:06,silencelabs_sl
2024-04-05 22:12:06,DIMO_Network
2024-04-05 22:12:06,SquadsLabs
2024-04-05 22:12:06,delegatedotxyz
2024-04-05 22:12:06,dragonfly_xyz
2024-04-05 22:12:06,getgemsdotio
2024-04-05 22:12:06,ton_blockchain
2024-04-05 22:12:06,3jsTLxWZkQ
2024-04-05 22:12:06,fetcchx
2024-04-05 22:12:06,KOh56QOVsS
2024-04-05 22:12:06,YieldBricks
2024-04-05 22:12:06,robmsolomon
2024-04-05 22:12:06,Rebirthdao
2024-04-05 22:12:06,l0XPLmQ6Mr
2024-04-05 22:12:06,KintoXYZ
2024-04-05 22:12:06,stephmui
2024-04-05 22:12:06,PanteraCapital
2024-04-05 22:12:06,DepinSurf
2024-04-05 22:12:06,BlockAnalitica
2024-04-05 22:12:06,ZigaKairos
2024-04-05 22:12:06,Risk_DAO
2024-04-05 22:12:06,SturdyFinance
2024-04-05 22:12:06,HelenGuo_
2024-04-05 22:12:06,BrettdeM
2024-04-05 22:12:06,delitzer
2024-04-05 22:12:06,6079ai
2024-04-05 22:12:06,phoenixlabsdev
2024-04-05 22:12:06,DailyDaniela_
2024-04-05 22:12:06,MisterKeegan
2024-04-05 22:12:06,open_builders
2024-04-05 22:12:06,d1AUaTeca5
2024-04-08 16:35:51,open_builders
2024-04-08 16:35:51,pd5egcwzLP
2024-04-08 16:35:51,zWTvLoSAyZ
2024-04-08 16:35:51,kintoxyz
2024-04-08 16:35:51,Yale
2024-04-08 16:35:51,jessechenglyu
2024-04-08 16:35:51,Kennedy_School
2024-04-08 16:35:51,LudlowVentures
2024-04-08 16:35:51,RelayProtocol
2024-04-08 16:35:51,delitzer
2024-04-08 16:35:51,BrettdeM
2024-04-08 16:35:51,phoenixlabsdev
2024-04-08 16:35:51,X6wEYgOVMg
2024-04-08 16:35:51,3rm_co
2024-04-08 16:35:51,search?q=%24YBR&src=cashtag_click
2024-04-08 16:35:51,pgpsam
2024-04-08 16:35:51,SturdyFinance
2024-04-08 16:35:51,DailyDaniela_
2024-04-08 16:35:51,isnotmintedyet
2024-04-08 16:35:51,commmmmunity
2024-04-08 16:35:51,Quark_Chain
2024-04-08 16:35:51,alexandrastaex
2024-04-08 16:35:51,KD2Moon
2024-04-08 16:35:51,rainbowdotme
2024-04-08 16:35:51,ZigaKairos
2024-04-08 16:35:51,ray_mandar
2024-04-08 16:35:51,KIPprotocol
2024-04-08 16:35:51,ForesightVen
2024-04-08 16:35:51,aethosnetwork
2024-04-08 16:35:51,PowerPod_People
2024-04-08 16:35:51,ZircuitL2
2024-04-08 16:35:51,silencelabs_sl
2024-04-08 16:35:51,gxL9R5LHwO
2024-04-08 16:35:51,iotex_io
2024-04-08 16:35:51,search?q=%24KIP&src=cashtag_click
2024-04-08 16:35:51,PanteraCapital
2024-04-08 16:35:51,Wharton
2024-04-08 16:35:51,Risk_DAO
2024-04-08 16:35:51,ChapterOne
2024-04-08 16:35:51,getpinxyz
2024-04-08 16:35:51,DIMO_Network
2024-04-08 16:35:51,6079ai
2024-04-08 16:35:51,LauraTJD
2024-04-08 16:35:51,AnimocaVentures
2024-04-08 16:35:51,0xjackson_
2024-04-08 16:35:51,HelenGuo_
2024-04-08 16:35:51,KOh56QOVsS
2024-04-08 16:35:51,mikedemarais
2024-04-08 16:35:51,FoliusVentures
2024-04-08 16:35:51,hexonaut
2024-04-08 16:35:51,jugendingenieur
2024-04-08 16:35:51,ramonrecuero
2024-04-08 16:35:51,ton_blockchain
2024-04-08 16:35:51,_Kelly_Ye_
2024-04-08 16:35:51,MisterKeegan
2024-04-08 16:35:51,YieldBricks
2024-04-08 16:35:51,JackLipstone
2024-04-08 16:35:51,nascentxyz
2024-04-08 16:35:51,DepinSurf
2024-04-08 16:35:51,pumpernikhil
2024-04-08 16:35:51,xmJsD4671g
2024-04-08 16:35:51,InvestigateTV
2024-04-08 16:35:51,getmasafi
2024-04-08 16:35:51,_sk1122
2024-04-08 16:35:51,fmgroupxyz
2024-04-08 16:35:51,fetcchx
2024-04-08 16:35:51,reservoir0x
2024-04-08 16:35:51,tappscenter
2024-04-08 16:35:51,wkgbddj110
2024-04-08 16:35:51,l0XPLmQ6Mr
2024-04-08 16:35:51,adubupt
2024-04-08 16:35:51,getgemsdotio
2024-04-08 16:35:51,CeloOrg
2024-04-08 16:35:51,brettdem
2024-04-08 16:35:51,Nutcrackers_TON
2024-04-08 16:35:51,Sequoia
2024-04-08 16:35:51,1Py4HpYTxo
2024-04-08 16:35:51,sonu_stream
2024-04-08 16:35:51,ludlowventures
2024-04-08 16:35:51,ACGeoEcon
2024-04-08 16:35:51,stephmui
2024-04-08 16:35:51,KintoXYZ
2024-04-08 16:35:51,thenotcoin
2024-04-08 16:35:51,Roolznft
2024-04-08 16:35:51,jtriest
2024-04-08 16:35:51,3jsTLxWZkQ
2024-04-08 16:35:51,rabbit_hmi
2024-04-08 16:35:51,robmsolomon
2024-04-08 16:35:51,portal_finance
2024-04-08 16:35:51,BouIkuiqlp
2024-04-08 16:35:51,BlockAnalitica
2024-04-08 16:35:51,dragonfly_xyz
2024-04-08 12:18:07,3jsTLxWZkQ
2024-04-08 12:18:07,JackLipstone
2024-04-08 12:18:07,Synquote
2024-04-08 12:18:07,dragonfly_xyz
2024-04-08 12:18:07,VinnyLingham
2024-04-08 12:18:07,DailyDaniela_
2024-04-08 12:18:07,InvestigateTV
2024-04-08 12:18:07,KOh56QOVsS
2024-04-08 12:18:07,PleasrDAO
2024-04-08 12:18:07,SturdyFinance
2024-04-08 12:18:07,stephmui
2024-04-08 12:18:07,Roolznft
2024-04-08 12:18:07,delitzer
2024-04-08 12:18:07,mechanismcap
2024-04-08 12:18:07,m1lesdeuttscher
2024-04-08 12:18:07,rumidotai
2024-04-08 12:18:07,tappscenter
2024-04-08 12:18:07,alexandrastaex
2024-04-08 12:18:07,aethosnetwork
2024-04-08 12:18:07,ForesightVen
2024-04-08 12:18:07,search?q=%24KIP&src=cashtag_click
2024-04-08 12:18:07,l0XPLmQ6Mr
2024-04-08 12:18:07,getmasafi
2024-04-08 12:18:07,Sequoia
2024-04-08 12:18:07,open_builders
2024-04-08 12:18:07,0xfoobar
2024-04-08 12:18:07,Kennedy_School
2024-04-08 12:18:07,crypthooem
2024-04-08 12:18:07,satsdart
2024-04-08 12:18:07,fetcchx
2024-04-08 12:18:07,zWTvLoSAyZ
2024-04-08 12:18:07,3rm_co
2024-04-08 12:18:07,HelenGuo_
2024-04-08 12:18:07,sonu_stream
2024-04-08 12:18:07,gxL9R5LHwO
2024-04-08 12:18:07,AnimocaVentures
2024-04-08 12:18:07,iotex_io
2024-04-08 12:18:07,Risk_DAO
2024-04-08 12:18:07,BlockAnalitica
2024-04-08 12:18:07,getgemsdotio
2024-04-08 12:18:07,hexonaut
2024-04-08 12:18:07,RelayProtocol
2024-04-08 12:18:07,search?q=%24YBR&src=cashtag_click
2024-04-08 12:18:07,KD2Moon
2024-04-08 12:18:07,isnotmintedyet
2024-04-08 12:18:07,X6wEYgOVMg
2024-04-08 12:18:07,thenotcoin
2024-04-08 12:18:07,nascentxyz
2024-04-08 12:18:07,ZigaKairos
2024-04-08 12:18:07,DIMO_Network
2024-04-08 12:18:07,rainbowdotme
2024-04-08 12:18:07,KIPprotocol
2024-04-08 12:18:07,silencelabs_sl
2024-04-08 12:18:07,phoenixlabsdev
2024-04-08 12:18:07,wkgbddj110
2024-04-08 12:18:07,adubupt
2024-04-08 12:18:07,pd5egcwzLP
2024-04-08 12:18:07,KintoXYZ
2024-04-08 12:18:07,mikedemarais
2024-04-08 12:18:07,ton_blockchain
2024-04-08 12:18:07,ludlowventures
2024-04-08 12:18:07,robmsolomon
2024-04-08 12:18:07,rabbit_hmi
2024-04-08 12:18:07,jessechenglyu
2024-04-08 12:18:07,fmgroupxyz
2024-04-08 12:18:07,1Py4HpYTxo
2024-04-08 12:18:07,BrettdeM
2024-04-08 12:18:07,brettdem
2024-04-08 12:18:07,pgpsam
2024-04-08 12:18:07,Wharton
2024-04-08 12:18:07,getpinxyz
2024-04-08 12:18:07,Yale
2024-04-08 12:18:07,pumpernikhil
2024-04-08 12:18:07,BouIkuiqlp
2024-04-08 12:18:07,PanteraCapital
2024-04-08 12:18:07,clustersxyz
2024-04-08 12:18:07,LauraTJD
2024-04-08 12:18:07,portal_finance
2024-04-08 12:18:07,YieldBricks
2024-04-08 12:18:07,Civickey
2024-04-08 12:18:07,ramonrecuero
2024-04-08 12:18:07,CeloOrg
2024-04-08 12:18:07,delegatedotxyz
2024-04-08 12:18:07,FoliusVentures
2024-04-08 12:18:07,reservoir0x
2024-04-08 12:18:07,ray_mandar
2024-04-08 12:18:07,MisterKeegan
2024-04-08 12:18:07,d1AUaTeca5
2024-04-08 12:18:07,LudlowVentures
2024-04-08 12:18:07,xmJsD4671g
2024-04-08 12:18:07,Nutcrackers_TON
2024-04-08 12:18:07,6079ai
2024-04-08 12:18:07,0xjackson_
2024-04-08 12:18:07,_sk1122
2024-04-08 12:18:07,_Kelly_Ye_
2024-04-08 12:18:07,ChapterOne
2024-04-08 12:18:07,jugendingenieur
2024-04-08 12:18:07,PowerPod_People
2024-04-08 12:18:07,vinnylinghampod
2024-04-08 12:18:07,Rewkang
2024-04-08 12:18:07,commmmmunity
2024-04-08 12:18:07,Rebirthdao
2024-04-08 12:18:07,jtriest
2024-04-08 12:18:07,ACGeoEcon
2024-04-08 12:18:07,Quark_Chain
2024-04-08 12:18:07,_WOO_X
2024-04-08 12:18:07,DepinSurf
2024-04-08 12:18:07,ZircuitL2
2024-04-08 12:18:07,kintoxyz
2024-04-08 12:18:07,TheFlowHorse
2024-04-17 13:44:39,BlockAnalitica
2024-04-17 13:44:39,aethosnetwork
2024-04-17 13:44:39,dyorcryptoapp
2024-04-17 13:44:39,Roolznft
2024-04-17 13:44:39,CeloOrg
2024-04-17 13:44:39,reservoir0x
2024-04-17 13:44:39,pumpernikhil
2024-04-17 13:44:39,BrettdeM
2024-04-17 13:44:39,kintoxyz
2024-04-17 13:44:39,adubupt
2024-04-17 13:44:39,HelenGuo_
2024-04-17 13:44:39,heliuslabs
2024-04-17 13:44:39,PanteraCapital
2024-04-17 13:44:39,fmgroupxyz
2024-04-17 13:44:39,hmalviya9
2024-04-17 13:44:39,SturdyFinance
2024-04-17 13:44:39,l0XPLmQ6Mr
2024-04-17 13:44:39,PowerPod_People
2024-04-17 13:44:39,mr_dddt
2024-04-17 13:44:39,InvestigateTV
2024-04-17 13:44:39,tensor_hq
2024-04-17 13:44:39,ZircuitL2
2024-04-17 13:44:39,FoliusVentures
2024-04-17 13:44:39,nascentxyz
2024-04-17 13:44:39,MisterKeegan
2024-04-17 13:44:39,Wharton
2024-04-17 13:44:39,YanLiberman
2024-04-17 13:44:39,phoenixlabsdev
2024-04-17 13:44:39,semanticlayer
2024-04-17 13:44:39,jtriest
2024-04-17 13:44:39,archwayHQ
2024-04-17 13:44:39,_sk1122
2024-04-17 13:44:39,alexandrastaex
2024-04-17 13:44:39,ludlowventures
2024-04-17 13:44:39,SimkinStepan
2024-04-17 13:44:39,ParticleNtwrk
2024-04-17 13:44:39,Quark_Chain
2024-04-17 13:44:39,clifford_chance
2024-04-17 13:44:39,LudlowVentures
2024-04-17 13:44:39,ton_blockchain
2024-04-17 13:44:39,X6wEYgOVMg
2024-04-17 13:44:39,Kennedy_School
2024-04-17 13:44:39,_Kelly_Ye_
2024-04-17 13:44:39,wkgbddj110
2024-04-17 13:44:39,getgemsdotio
2024-04-17 13:44:39,DepinSurf
2024-04-17 13:44:39,BouIkuiqlp
2024-04-17 13:44:39,gxL9R5LHwO
2024-04-17 13:44:39,AnimocaVentures
2024-04-17 13:44:39,KIPprotocol
2024-04-17 13:44:39,JackLipstone
2024-04-17 13:44:39,KD2Moon
2024-04-17 13:44:39,fusewallet
2024-04-17 13:44:39,stephmui
2024-04-17 13:44:39,hexonaut
2024-04-17 13:44:39,silencelabs_sl
2024-04-17 13:44:39,pRpveXABg9
2024-04-17 13:44:39,Delphi_Digital
2024-04-17 13:44:39,Yale
2024-04-17 13:44:39,getmasafi
2024-04-17 13:44:39,verilog_audit
2024-04-17 13:44:39,tappscenter
2024-04-17 13:44:39,ZigaKairos
2024-04-17 13:44:39,NodeOps_App
2024-04-17 13:44:39,dragonfly_xyz
2024-04-17 13:44:39,SquadsProtocol
2024-04-17 13:44:39,ForesightVen
2024-04-17 13:44:39,delitzer
2024-04-17 13:44:39,commmmmunity
2024-04-17 13:44:39,Risk_DAO
2024-04-17 13:44:39,thenotcoin
2024-04-17 13:44:39,InitCapital_
2024-04-17 13:44:39,GearboxProtocol
2024-04-17 13:44:39,ChapterOne
2024-04-17 13:44:39,fetcchx
2024-04-17 13:44:39,pgpsam
2024-04-17 13:44:39,DailyDaniela_
2024-04-17 13:44:39,getpinxyz
2024-04-17 13:44:39,ray_mandar
2024-04-17 13:44:39,SquadsLabs
2024-04-17 13:44:39,isnotmintedyet
2024-04-17 13:44:39,iotex_io
2024-04-17 13:44:39,Nutcrackers_TON
2024-04-17 13:44:39,search?q=%24KIP&src=cashtag_click
2024-04-17 13:44:39,RelayProtocol
2024-04-17 13:44:39,ramonrecuero
2024-04-17 13:44:39,Sequoia
2024-04-17 13:44:39,xmJsD4671g
2024-04-17 13:44:39,3jsTLxWZkQ
2024-04-17 13:44:39,brettdem
2024-04-17 13:44:39,6079ai
2024-04-17 13:44:39,portal_finance
2024-04-17 13:44:39,ACGeoEcon
2024-04-17 13:44:39,open_builders
2024-04-17 13:44:39,KOh56QOVsS
2024-04-17 13:44:39,nillionnetwork
2024-04-17 13:44:39,KintoXYZ
2024-04-17 13:44:39,1Py4HpYTxo
2024-04-17 13:44:39,pd5egcwzLP
2024-05-03 17:01:13,TheLionDao
2024-05-03 17:01:13,TheRyanLion
2024-05-03 17:01:13,dukeU
2024-05-03 17:01:13,winklevosscap
2024-05-03 17:01:13,janehk
2024-05-03 17:01:13,horizenglobal
2024-05-03 17:01:13,distributedg
2024-05-03 17:01:13,slingshotcrypto
2024-05-03 17:01:13,Delphi_Ventures
2024-05-03 17:01:13,useteller
2024-05-03 17:01:13,apple
2024-05-03 17:01:13,tamarajtran
2024-05-03 17:01:13,a16z
2024-05-03 17:01:13,Kevin_Kelly_II
2024-05-08 17:11:54,bidclubio
2024-05-08 17:11:54,ConsenSys
2024-05-08 17:11:54,VanessaGrellet_
2024-05-08 17:11:54,Arche
2024-05-08 17:11:54,CoinFund
2024-05-08 17:11:54,MacConwell
2024-05-08 17:11:54,RareBreedVC
2024-05-08 17:11:54,EntEthAlliance
2024-05-08 17:11:54,NYSE
2024-05-08 17:11:54,BSIC
2024-05-08 17:11:54,inside
2024-05-08 17:11:54,KauffmanFellows
