2024-04-05 20:55:31,OKTXeudrDt
2024-04-05 20:55:31,noble_gallery
2024-04-05 20:55:31,NickyGee44
2024-04-05 20:55:31,CozomoMedici
2024-04-05 20:55:31,sreeramkannan
2024-04-05 20:55:31,laurentCastell
2024-04-05 20:55:31,thespartangroup
2024-04-05 20:55:31,Newmangrp
2024-04-05 20:55:31,grigorev_art
2024-04-05 20:55:31,GCashOfficial
2024-04-05 20:55:31,search?q=%24G&src=cashtag_click
2024-04-05 20:55:31,rsJYrTP3ur
2024-04-05 20:55:31,anthonyxcheng
2024-04-05 20:55:31,lookonchain
2024-04-05 20:55:31,sothebys
2024-04-05 20:55:31,zynga
2024-04-05 20:55:31,3EdImH0TY5
2024-04-05 20:55:31,isnotmintedyet
2024-04-05 20:55:31,whatsthisstudio
2024-04-05 20:55:31,Doodles_Japan
2024-04-05 20:55:31,binancelabs
2024-04-05 20:55:31,Chetanya_K
2024-04-05 20:55:31,Castle__Cap
2024-04-05 20:55:31,TtQsHkp7Wj
2024-04-05 20:55:31,open_builders
2024-04-05 20:55:31,tumilett
2024-04-05 20:55:31,fomohour
2024-04-05 20:55:31,rippyfied
2024-04-05 20:55:31,gbmedici
2024-04-05 20:55:31,wallet_tg
2024-04-05 20:55:31,patrickamadon
2024-04-05 20:55:31,Pallet_Exchange
2024-04-05 20:55:31,7EJrnNhDKV
2024-04-05 20:55:31,WITS_TCG
2024-04-05 20:55:31,BZB_Capital
2024-04-05 20:55:31,rainbowdotme
2024-04-05 20:55:31,web3_honey
2024-04-05 20:55:31,underscoreX0
2024-04-05 20:55:31,leftclickbuynft
2024-04-05 20:55:31,symbiogenesisPR
2024-04-05 20:55:31,AzukiJapan_IKZ
2024-04-05 20:55:31,cmsholdings
2024-04-05 20:55:31,9UkWUH9qaB
2024-04-05 20:55:31,graniph_nft
2024-04-05 20:55:31,thenotcoin
2024-04-05 20:55:31,intern
2024-04-05 20:55:31,ton_starter
2024-04-05 20:55:31,zerokn0wledge_
2024-04-05 20:55:31,artnews
2024-04-05 20:55:31,w5FJpw28HC
2024-04-05 20:55:31,michaelbouhanna
2024-04-05 20:55:31,TonPunks
2024-04-05 20:55:31,syfuofficial
2024-04-05 20:55:31,SeiNetwork
2024-04-05 20:55:31,telegram
2024-04-05 20:55:31,rektmando
2024-04-05 20:55:31,eigenlayer
2024-04-05 20:55:31,newmancapitalvc
2024-04-05 20:55:31,dwellersX0
2024-04-05 20:55:31,search?q=%24PUNK&src=cashtag_click
2024-04-05 20:55:31,CISkU40oeF
2024-04-05 20:55:31,helloluis
2024-04-05 20:55:31,gomblegames
2024-04-05 20:55:31,RedactedRes
2024-04-05 20:55:31,Y11BRgvdy2
2024-04-05 20:55:31,DegenzNFT
2024-04-05 20:55:31,galeriemade
2024-04-05 20:55:31,BAYCJapan
2024-04-05 20:55:31,mckinsey
2024-04-05 20:55:31,ForgotPlayland
2024-04-05 20:55:31,0xhopydoc
2024-04-05 20:55:31,Honeycon_io
2024-04-05 20:55:31,the_agents_club
2024-04-05 20:55:31,TheSpartanGroup
2024-04-05 20:55:31,cmsintern
2024-04-05 20:55:31,SteakCapital
2024-04-05 20:55:31,Bridge3_
2024-04-05 20:55:31,MeritCircle_IO
2024-04-05 20:55:31,getgemsdotio
2024-04-05 20:55:31,ton_blockchain
2024-04-05 20:55:31,Z9Ddpq3PRA
2024-04-05 20:55:31,Open_Builders
2024-04-05 20:55:31,rektguyNFT
2024-04-05 20:55:31,bozhangles
2024-04-05 20:55:31,Web3Girls_
2024-04-05 20:55:31,monad_xyz
2024-04-05 20:55:31,CanarylabsXYZ
2024-04-05 20:55:31,rektradio_
2024-04-05 20:55:31,EggFightClub
2024-04-05 20:55:31,kdean
2024-04-05 20:55:31,adriannewman21
2024-04-05 20:55:31,NotablePepes
2024-04-05 20:55:31,rollbitcom
2024-04-08 15:50:41,open_builders
2024-04-08 15:50:41,web3_honey
2024-04-08 15:50:41,TonPunks
2024-04-08 15:50:41,rektradio_
2024-04-08 15:50:41,Chetanya_K
2024-04-08 15:50:41,Honeycon_io
2024-04-08 15:50:41,MeritCircle_IO
2024-04-08 15:50:41,DegenzNFT
2024-04-08 15:50:41,Castle__Cap
2024-04-08 15:50:41,Z9Ddpq3PRA
2024-04-08 15:50:41,AzukiJapan_IKZ
2024-04-08 15:50:41,whatsthisstudio
2024-04-08 15:50:41,syfuofficial
2024-04-08 15:50:41,ApeironNFT
2024-04-08 15:50:41,rektmando
2024-04-08 15:50:41,CISkU40oeF
2024-04-08 15:50:41,sreeramkannan
2024-04-08 15:50:41,symbiogenesisPR
2024-04-08 15:50:41,Open_Builders
2024-04-08 15:50:41,patrickamadon
2024-04-08 15:50:41,isnotmintedyet
2024-04-08 15:50:41,gomblegames
2024-04-08 15:50:41,rsJYrTP3ur
2024-04-08 15:50:41,thespartangroup
2024-04-08 15:50:41,rainbowdotme
2024-04-08 15:50:41,Bridge3_
2024-04-08 15:50:41,adriannewman21
2024-04-08 15:50:41,Y11BRgvdy2
2024-04-08 15:50:41,rollbitcom
2024-04-08 15:50:41,underscoreX0
2024-04-08 15:50:41,mckinsey
2024-04-08 15:50:41,search?q=%24PUNK&src=cashtag_click
2024-04-08 15:50:41,rippyfied
2024-04-08 15:50:41,SeiNetwork
2024-04-08 15:50:41,EggFightClub
2024-04-08 15:50:41,anthonyxcheng
2024-04-08 15:50:41,dwellersX0
2024-04-08 15:50:41,helloluis
2024-04-08 15:50:41,StoryProtocol
2024-04-08 15:50:41,newmancapitalvc
2024-04-08 15:50:41,WITS_TCG
2024-04-08 15:50:41,telegram
2024-04-08 15:50:41,binancelabs
2024-04-08 15:50:41,BAYCJapan
2024-04-08 15:50:41,Doodles_Japan
2024-04-08 15:50:41,zerokn0wledge_
2024-04-08 15:50:41,zynga
2024-04-08 15:50:41,search?q=%24G&src=cashtag_click
2024-04-08 15:50:41,eigenlayer
2024-04-08 15:50:41,CozomoMedici
2024-04-08 15:50:41,ton_blockchain
2024-04-08 15:50:41,Web3Girls_
2024-04-08 15:50:41,Newmangrp
2024-04-08 15:50:41,bozhangles
2024-04-08 15:50:41,artnews
2024-04-08 15:50:41,Skyarks
2024-04-08 15:50:41,TheSpartanGroup
2024-04-08 15:50:41,graniph_nft
2024-04-08 15:50:41,lookonchain
2024-04-08 15:50:41,7EJrnNhDKV
2024-04-08 15:50:41,cmsholdings
2024-04-08 15:50:41,3EdImH0TY5
2024-04-08 15:50:41,monad_xyz
2024-04-08 15:50:41,wallet_tg
2024-04-08 15:50:41,BZB_Capital
2024-04-08 15:50:41,NotablePepes
2024-04-08 15:50:41,NickyGee44
2024-04-08 15:50:41,OKTXeudrDt
2024-04-08 15:50:41,SteakCapital
2024-04-08 15:50:41,getgemsdotio
2024-04-08 15:50:41,noble_gallery
2024-04-08 15:50:41,iamjosephyoung
2024-04-08 15:50:41,laurentCastell
2024-04-08 15:50:41,Pallet_Exchange
2024-04-08 15:50:41,CanarylabsXYZ
2024-04-08 15:50:41,MobyHQ
2024-04-08 15:50:41,intern
2024-04-08 15:50:41,grigorev_art
2024-04-08 15:50:41,GCashOfficial
2024-04-08 15:50:41,gbmedici
2024-04-08 15:50:41,TtQsHkp7Wj
2024-04-08 15:50:41,RedactedRes
2024-04-08 15:50:41,cmsintern
2024-04-08 15:50:41,rektguyNFT
2024-04-08 15:50:41,leftclickbuynft
2024-04-08 15:50:41,w5FJpw28HC
2024-04-08 15:50:41,0xhopydoc
2024-04-08 15:50:41,tumilett
2024-04-08 15:50:41,galeriemade
2024-04-08 15:50:41,9UkWUH9qaB
2024-04-08 15:50:41,kdean
2024-04-08 15:50:41,sothebys
2024-04-08 15:50:41,thenotcoin
2024-04-08 15:50:41,ForgotPlayland
2024-04-08 15:50:41,ton_starter
2024-04-08 15:50:41,michaelbouhanna
2024-04-08 15:50:41,fomohour
2024-04-08 15:50:41,the_agents_club
