2024-04-05 23:25:23,PJFWG45ASw
2024-04-05 23:25:23,foresightinst
2024-04-05 23:25:23,opensea
2024-04-05 23:25:23,dfinzer
2024-04-05 23:25:23,Binance
2024-04-05 23:25:23,willrobinson23
2024-04-05 23:25:23,Stanford
2024-04-05 23:25:23,DoTheySupportIt
2024-04-05 23:25:23,CoinbaseSupport
2024-04-05 23:25:23,age1vc
2024-04-05 23:25:23,arcinstitute
2024-04-05 23:25:23,coinbasetraders
2024-04-05 23:25:23,_RichardTeng
2024-04-05 23:25:23,search?q=%24wAMPL&src=cashtag_click
2024-04-05 23:25:23,Lauren_Dowling_
2024-04-05 23:25:23,Starlink
2024-04-05 23:25:23,ReasonFdn
2024-04-05 23:25:23,Culture_Crit
2024-04-05 23:25:23,search?q=%24AMPL&src=cashtag_click
2024-04-05 23:25:23,valaratomics
2024-04-05 23:25:23,coinbase
2024-04-05 23:25:23,qualcomm
2024-04-05 23:25:23,uber
2024-04-05 23:25:23,chintanturakhia
2024-04-05 23:25:23,MIT
2024-04-05 23:25:23,SpaceX
2024-04-05 23:25:23,vGwEsZXDiN
2024-04-05 23:25:23,noahchonlee
2024-04-05 23:25:23,FoundersPodcast
2024-04-05 23:25:23,mrexits
2024-04-05 23:25:23,coinbasewallet
2024-04-05 23:25:23,CoinbaseIntExch
2024-04-05 23:25:23,RetroBio_
2024-04-05 23:25:23,SPOTprotocol
2024-04-05 23:25:23,drydenwtbrown
2024-04-05 23:25:23,harvard
2024-04-05 23:25:23,standwithcrypto
2024-04-05 23:25:23,stanfordmed
2024-04-05 23:25:23,google
2024-04-05 23:25:23,YCombinator
2024-04-05 23:25:23,search?q=%24SPOT&src=cashtag_click
2024-04-05 23:25:23,AlexJColville
2024-04-05 23:25:23,s3news_
2024-04-05 23:25:23,isaiah_p_taylor
2024-04-05 23:25:23,GillVerd
2024-04-05 23:25:23,SKonermann
2024-04-05 23:25:23,JMPresidente27
2024-04-05 23:25:23,grok
2024-04-05 23:25:23,salkinstitute
2024-04-05 23:25:23,Extropic_AI
2024-04-05 23:25:23,Pinterest
2024-04-05 23:25:23,DeatonforSenate
2024-04-05 23:25:23,CreditKarma
2024-04-05 23:25:23,praxisnation
2024-04-05 23:25:23,search?q=%24FORTH&src=cashtag_click
2024-04-05 23:25:23,ohalo
2024-04-05 23:25:23,AmpleforthOrg
2024-04-05 23:25:23,reason
2024-04-05 23:25:23,Thomas_Rando
2024-04-05 23:25:23,yugacohler
2024-04-05 23:25:23,GrowSF
2024-04-05 23:25:23,bioagelabs
2024-04-05 23:25:23,viaprize
2024-04-05 23:25:23,CAForever
2024-04-08 17:18:13,standwithcrypto
2024-04-08 17:18:13,JMPresidente27
2024-04-08 17:18:13,coinbase
2024-04-08 17:18:13,mrexits
2024-04-08 17:18:13,qualcomm
2024-04-08 17:18:13,_RichardTeng
2024-04-08 17:18:13,ApeironNFT
2024-04-08 17:18:13,yugacohler
2024-04-08 17:18:13,search?q=%24AMPL&src=cashtag_click
2024-04-08 17:18:13,Extropic_AI
2024-04-08 17:18:13,CreditKarma
2024-04-08 17:18:13,CoinbaseSupport
2024-04-08 17:18:13,MIT
2024-04-08 17:18:13,GillVerd
2024-04-08 17:18:13,YCombinator
2024-04-08 17:18:13,search?q=%24SPOT&src=cashtag_click
2024-04-08 17:18:13,reason
2024-04-08 17:18:13,age1vc
2024-04-08 17:18:13,drydenwtbrown
2024-04-08 17:18:13,noahchonlee
2024-04-08 17:18:13,chintanturakhia
2024-04-08 17:18:13,vGwEsZXDiN
2024-04-08 17:18:13,SKonermann
2024-04-08 17:18:13,StoryProtocol
2024-04-08 17:18:13,bioagelabs
2024-04-08 17:18:13,grok
2024-04-08 17:18:13,willrobinson23
2024-04-08 17:18:13,Culture_Crit
2024-04-08 17:18:13,Pinterest
2024-04-08 17:18:13,valaratomics
2024-04-08 17:18:13,salkinstitute
2024-04-08 17:18:13,AmpleforthOrg
2024-04-08 17:18:13,GrowSF
2024-04-08 17:18:13,RetroBio_
2024-04-08 17:18:13,search?q=%24wAMPL&src=cashtag_click
2024-04-08 17:18:13,coinbasetraders
2024-04-08 17:18:13,coinbasewallet
2024-04-08 17:18:13,Skyarks
2024-04-08 17:18:13,uber
2024-04-08 17:18:13,s3news_
2024-04-08 17:18:13,Lauren_Dowling_
2024-04-08 17:18:13,AlexJColville
2024-04-08 17:18:13,foresightinst
2024-04-08 17:18:13,Thomas_Rando
2024-04-08 17:18:13,Stanford
2024-04-08 17:18:13,search?q=%24FORTH&src=cashtag_click
2024-04-08 17:18:13,SPOTprotocol
2024-04-08 17:18:13,Binance
2024-04-08 17:18:13,harvard
2024-04-08 17:18:13,ReasonFdn
2024-04-08 17:18:13,isaiah_p_taylor
2024-04-08 17:18:13,CoinbaseIntExch
2024-04-08 17:18:13,iamjosephyoung
2024-04-08 17:18:13,MobyHQ
2024-04-08 17:18:13,dfinzer
2024-04-08 17:18:13,stanfordmed
2024-04-08 17:18:13,google
2024-04-08 17:18:13,PJFWG45ASw
2024-04-08 17:18:13,Starlink
2024-04-08 17:18:13,DeatonforSenate
2024-04-08 17:18:13,arcinstitute
2024-04-08 17:18:13,FoundersPodcast
2024-04-08 17:18:13,ohalo
2024-04-08 17:18:13,viaprize
2024-04-08 17:18:13,opensea
2024-04-08 17:18:13,praxisnation
2024-04-08 17:18:13,SpaceX
2024-04-08 17:18:13,CAForever
2024-04-17 14:27:31,Binance
2024-04-17 14:27:31,holepunch_to
2024-04-17 14:27:31,noahchonlee
2024-04-17 14:27:31,uber
2024-04-17 14:27:31,standwithcrypto
2024-04-17 14:27:31,valaratomics
2024-04-17 14:27:31,Nestcoin
2024-04-17 14:27:31,Thomas_Rando
2024-04-17 14:27:31,salkinstitute
2024-04-17 14:27:31,keet_io
2024-04-17 14:27:31,stanfordmed
2024-04-17 14:27:31,RetroBio_
2024-04-17 14:27:31,Lauren_Dowling_
2024-04-17 14:27:31,arcinstitute
2024-04-17 14:27:31,reason
2024-04-17 14:27:31,mrexits
2024-04-17 14:27:31,qualcomm
2024-04-17 14:27:31,SKonermann
2024-04-17 14:27:31,drydenwtbrown
2024-04-17 14:27:31,age1vc
2024-04-17 14:27:31,viaprize
2024-04-17 14:27:31,CoinbaseIntExch
2024-04-17 14:27:31,SpaceX
2024-04-17 14:27:31,opensea
2024-04-17 14:27:31,dfinzer
2024-04-17 14:27:31,foresightinst
2024-04-17 14:27:31,Culture_Crit
2024-04-17 14:27:31,coinbasewallet
2024-04-17 14:27:31,AlexJColville
2024-04-17 14:27:31,CAForever
2024-04-17 14:27:31,Starlink
2024-04-17 14:27:31,IqWcqcVn1Z
2024-04-17 14:27:31,google
2024-04-17 14:27:31,search?q=%24wAMPL&src=cashtag_click
2024-04-17 14:27:31,ReasonFdn
2024-04-17 14:27:31,OnboardGlobal
2024-04-17 14:27:31,s3news_
2024-04-17 14:27:31,bioagelabs
2024-04-17 14:27:31,NoLabelsOrg
2024-04-17 14:27:31,04vRTWtqEA
2024-04-17 14:27:31,vGwEsZXDiN
2024-04-17 14:27:31,tether_to
2024-04-17 14:27:31,ohalo
2024-04-17 14:27:31,isaiah_p_taylor
2024-04-17 14:27:31,coinbasetraders
2024-04-17 14:27:31,YCombinator
2024-04-17 14:27:31,MIT
2024-04-17 14:27:31,AmpleforthOrg
2024-04-17 14:27:31,yugacohler
2024-04-17 14:27:31,coinbase
2024-04-17 14:27:31,search?q=%24SPOT&src=cashtag_click
2024-04-17 14:27:31,extropic_ai
2024-04-17 14:27:31,willrobinson23
2024-04-17 14:27:31,JMPresidente27
2024-04-17 14:27:31,chintanturakhia
2024-04-17 14:27:31,Pinterest
2024-04-17 14:27:31,elicitorg
2024-04-17 14:27:31,praxisnation
2024-04-17 14:27:31,DeatonforSenate
2024-04-17 14:27:31,bitfinex
2024-04-17 14:27:31,SPOTprotocol
2024-04-17 14:27:31,GillVerd
2024-04-17 14:27:31,bayeslord
2024-04-17 14:27:31,harvard
2024-04-17 14:27:31,search?q=%24FORTH&src=cashtag_click
2024-04-17 14:27:31,GrowSF
2024-04-17 14:27:31,FoundersPodcast
2024-04-17 14:27:31,BasedBeffJezos
2024-04-17 14:27:31,Extropic_AI
2024-04-17 14:27:31,Stanford
2024-04-17 14:27:31,DoTheySupportIt
2024-04-17 14:27:31,search?q=%24AMPL&src=cashtag_click
2024-04-17 14:27:31,_RichardTeng
2024-04-17 14:27:31,CoinbaseSupport
2024-04-17 14:27:31,paoloardoino
2024-04-17 14:27:31,6Lxhl2kNu7
2024-04-17 14:27:31,PJFWG45ASw
2024-04-17 14:27:31,grok
2024-04-17 14:27:31,CreditKarma
2024-05-03 17:18:36,EastSolanoPlan
2024-05-03 17:18:36,apr29zebra
2024-05-03 17:18:36,LiberalMilei27
2024-05-08 17:27:25,TrilateralNA
2024-05-08 17:27:25,USJC
2024-05-08 17:27:25,StandWithCrypto
