2024-04-05 22:17:52,OdedRechavi
2024-04-05 22:17:52,OmhC0RyxZp
2024-04-05 22:17:52,billpeeb
2024-04-05 22:17:52,lexfridman
2024-04-05 22:17:52,pfau
2024-04-05 22:17:52,PhoenixTrade
2024-04-05 22:17:52,naturecomputes
2024-04-05 22:17:52,Harvard
2024-04-05 22:17:52,chadgibbs88
2024-04-05 22:17:52,ModdedQuad
2024-04-05 22:17:52,xqtVHHVI17
2024-04-05 22:17:52,WuNeal
2024-04-05 22:17:52,tryramp
2024-04-05 22:17:52,velychko_s
2024-04-05 22:17:52,Nucleusgenomics
2024-04-05 22:17:52,fiveoutofnine
2024-04-05 22:17:52,celinehalioua
2024-04-05 22:17:52,hyperstition_x
2024-04-05 22:17:52,age1vc
2024-04-05 22:17:52,StanfordAILab
2024-04-05 22:17:52,alantomusiak
2024-04-05 22:17:52,berkeley_ai
2024-04-05 22:17:52,zfellows_
2024-04-05 22:17:52,samschmitz
2024-04-05 22:17:52,collision
2024-04-05 22:17:52,pglang
2024-04-05 22:17:52,openai
2024-04-05 22:17:52,intelai
2024-04-05 22:17:52,stripe
2024-04-05 22:17:52,ellipsis_labs
2024-04-05 22:17:52,Starlink
2024-04-05 22:17:52,neurotheory
2024-04-05 22:17:52,loyalfordogs
2024-04-05 22:17:52,KianSadeghi5
2024-04-05 22:17:52,_marleyx
2024-04-05 22:17:52,kendricklamar
2024-04-05 22:17:52,GoogleBrain
2024-04-05 22:17:52,DaveMcCormickPA
2024-04-05 22:17:52,D6PkKZo6Od
2024-04-05 22:17:52,at_code_wizard
2024-04-05 22:17:52,Januus_io
2024-04-05 22:17:52,SpaceX
2024-04-05 22:17:52,ashleevance
2024-04-05 22:17:52,wyssinstitute
2024-04-05 22:17:52,xZTNlx9nbi
2024-04-05 22:17:52,RokoMijic
2024-04-05 22:17:52,MPI_Muenster
2024-04-05 22:17:52,neur_reps
2024-04-05 22:17:52,MrYinsen
2024-04-05 22:17:52,harvard
2024-04-05 22:17:52,lighthouseincus
2024-04-05 22:17:52,eYAL89Q8nC
2024-04-05 22:17:52,raykurzweil
2024-04-05 22:17:52,ScottWu46
2024-04-05 22:17:52,thielfellowship
2024-04-05 22:17:52,UniofOxford
2024-04-05 22:17:52,tsarnick
2024-04-05 22:17:52,michael_lwy
2024-04-05 22:17:52,NormanDodd_knew
2024-04-05 22:17:52,12lAgpqoYo
2024-04-05 22:17:52,pihw5AGvbV
2024-04-05 22:17:52,rcOm9TSTf5
2024-04-05 22:17:52,jugendingenieur
2024-04-05 22:17:52,boschbot
2024-04-05 22:17:52,UTAustin
2024-04-05 22:17:52,tpfZwEwGiq
2024-04-05 22:17:52,FUSFoundation
2024-04-05 22:17:52,bchesky
2024-04-05 22:17:52,vkhosla
2024-04-05 22:17:52,geochurch
2024-04-05 22:17:52,waterfall_mkt
2024-04-05 22:17:52,redwood_neuro
2024-04-05 22:17:52,curta_ctf
2024-04-05 22:17:52,walden_yan
2024-04-05 22:17:52,FromKulak
2024-04-05 22:17:52,theblockcrunch
2024-04-05 22:17:52,geometric_intel
2024-04-05 22:17:52,growing_daniel
2024-04-05 22:17:52,NucleusGenomics
2024-04-05 22:17:52,cognition_labs
2024-04-05 22:17:52,GrowSF
2024-04-05 22:17:52,HBO
2024-04-05 22:17:52,harvardmed
2024-04-05 22:17:52,Wired
<<<<<<< HEAD
2024-04-08 16:39:43,waterfall_mkt
2024-04-08 16:39:43,openai
2024-04-08 16:39:43,tpfZwEwGiq
2024-04-08 16:39:43,berkeley_ai
2024-04-08 16:39:43,pglang
2024-04-08 16:39:43,fiveoutofnine
2024-04-08 16:39:43,ashleevance
2024-04-08 16:39:43,Harvard
2024-04-08 16:39:43,collision
2024-04-08 16:39:43,theblockcrunch
2024-04-08 16:39:43,redwood_neuro
2024-04-08 16:39:43,NormanDodd_knew
2024-04-08 16:39:43,celinehalioua
2024-04-08 16:39:43,velychko_s
2024-04-08 16:39:43,thielfellowship
2024-04-08 16:39:43,chadgibbs88
2024-04-08 16:39:43,pihw5AGvbV
2024-04-08 16:39:43,KianSadeghi5
2024-04-08 16:39:43,O1Visa
2024-04-08 16:39:43,at_code_wizard
2024-04-08 16:39:43,Nucleusgenomics
2024-04-08 16:39:43,boschbot
2024-04-08 16:39:43,wyssinstitute
2024-04-08 16:39:43,age1vc
2024-04-08 16:39:43,vkhosla
2024-04-08 16:39:43,tryramp
2024-04-08 16:39:43,geometric_intel
2024-04-08 16:39:43,OmhC0RyxZp
2024-04-08 16:39:43,lexfridman
2024-04-08 16:39:43,RokoMijic
2024-04-08 16:39:43,OdedRechavi
2024-04-08 16:39:43,neurotheory
2024-04-08 16:39:43,UniofOxford
2024-04-08 16:39:43,ScottWu46
2024-04-08 16:39:43,alantomusiak
2024-04-08 16:39:43,cognition_labs
2024-04-08 16:39:43,FromKulak
2024-04-08 16:39:43,tsarnick
2024-04-08 16:39:43,MPI_Muenster
2024-04-08 16:39:43,jugendingenieur
2024-04-08 16:39:43,WuNeal
2024-04-08 16:39:43,12lAgpqoYo
2024-04-08 16:39:43,HBO
2024-04-08 16:39:43,GrowSF
2024-04-08 16:39:43,ModdedQuad
2024-04-08 16:39:43,raykurzweil
2024-04-08 16:39:43,D6PkKZo6Od
2024-04-08 16:39:43,ellipsis_labs
2024-04-08 16:39:43,MrYinsen
2024-04-08 16:39:43,zfellows_
2024-04-08 16:39:43,NucleusGenomics
2024-04-08 16:39:43,PhoenixTrade
2024-04-08 16:39:43,GoogleBrain
2024-04-08 16:39:43,Wired
2024-04-08 16:39:43,Januus_io
2024-04-08 16:39:43,curta_ctf
2024-04-08 16:39:43,harvard
2024-04-08 16:39:43,hyperstition_x
2024-04-08 16:39:43,FUSFoundation
2024-04-08 16:39:43,walden_yan
2024-04-08 16:39:43,harvardmed
2024-04-08 16:39:43,geochurch
2024-04-08 16:39:43,michael_lwy
2024-04-08 16:39:43,loyalfordogs
2024-04-08 16:39:43,_marleyx
2024-04-08 16:39:43,kendricklamar
2024-04-08 16:39:43,naturecomputes
2024-04-08 16:39:43,samschmitz
2024-04-08 16:39:43,billpeeb
2024-04-08 16:39:43,Starlink
2024-04-08 16:39:43,xZTNlx9nbi
2024-04-08 16:39:43,UTAustin
2024-04-08 16:39:43,eYAL89Q8nC
2024-04-08 16:39:43,stripe
2024-04-08 16:39:43,intelai
2024-04-08 16:39:43,StanfordAILab
2024-04-08 16:39:43,rcOm9TSTf5
2024-04-08 16:39:43,lighthouseincus
2024-04-08 16:39:43,neur_reps
2024-04-08 16:39:43,xqtVHHVI17
2024-04-08 16:39:43,SpaceX
2024-04-08 16:39:43,pfau
2024-04-08 16:39:43,growing_daniel
2024-04-08 16:39:43,bchesky
2024-04-08 16:39:43,DaveMcCormickPA
=======
2024-04-08 12:19:28,O1Visa
2024-04-08 12:19:28,fiveoutofnine
2024-04-08 12:19:28,NormanDodd_knew
2024-04-08 12:19:28,D6PkKZo6Od
2024-04-08 12:19:28,cognition_labs
2024-04-08 12:19:28,PhoenixTrade
2024-04-08 12:19:28,boschbot
2024-04-08 12:19:28,eYAL89Q8nC
2024-04-08 12:19:28,StanfordAILab
2024-04-08 12:19:28,12lAgpqoYo
2024-04-08 12:19:28,GrowSF
2024-04-08 12:19:28,kendricklamar
2024-04-08 12:19:28,ashleevance
2024-04-08 12:19:28,FromKulak
2024-04-08 12:19:28,ellipsis_labs
2024-04-08 12:19:28,at_code_wizard
2024-04-08 12:19:28,DaveMcCormickPA
2024-04-08 12:19:28,waterfall_mkt
2024-04-08 12:19:28,curta_ctf
2024-04-08 12:19:28,HBO
2024-04-08 12:19:28,_marleyx
2024-04-08 12:19:28,pglang
>>>>>>> 637e273 (ync output/ output2/)
2024-04-17 13:46:30,wagieeacc
2024-04-17 13:46:30,PhoenixTrade
2024-04-17 13:46:30,KianSadeghi5
2024-04-17 13:46:30,velychko_s
2024-04-17 13:46:30,geochurch
2024-04-17 13:46:30,ISTUorg
2024-04-17 13:46:30,billpeeb
2024-04-17 13:46:30,O1Visa
2024-04-17 13:46:30,FVn3NRNrLe
2024-04-17 13:46:30,cognition_labs
2024-04-17 13:46:30,Mclader
2024-04-17 13:46:30,boschbot
2024-04-17 13:46:30,mtlawton
2024-04-17 13:46:30,FUSFoundation
2024-04-17 13:46:30,thielfellowship
2024-04-17 13:46:30,HBO
2024-04-17 13:46:30,X9bxoi5VRo
2024-04-17 13:46:30,ModdedQuad
2024-04-17 13:46:30,ColumbiaUEIL
2024-04-17 13:46:30,12lAgpqoYo
2024-04-17 13:46:30,lexfridman
2024-04-17 13:46:30,NucleusGenomics
2024-04-17 13:46:30,MPI_Muenster
2024-04-17 13:46:30,kendricklamar
2024-04-17 13:46:30,theblockcrunch
2024-04-17 13:46:30,samschmitz
2024-04-17 13:46:30,Princeton
2024-04-17 13:46:30,DaveMcCormickPA
2024-04-17 13:46:30,DuU6MMqcgQ
2024-04-17 13:46:30,michael_lwy
2024-04-17 13:46:30,OdedRechavi
2024-04-17 13:46:30,Harvard
2024-04-17 13:46:30,openai
2024-04-17 13:46:30,AsteraInstitute
2024-04-17 13:46:30,fiveoutofnine
2024-04-17 13:46:30,eYAL89Q8nC
2024-04-17 13:46:30,_marleyx
2024-04-17 13:46:30,uniswap
2024-04-17 13:46:30,rcOm9TSTf5
2024-04-17 13:46:30,CgaoMfhUHd
2024-04-17 13:46:30,NormanDodd_knew
2024-04-17 13:46:30,xZTNlx9nbi
2024-04-17 13:46:30,wmougayar
2024-04-17 13:46:30,StanfordAILab
2024-04-17 13:46:30,zfellows_
2024-04-17 13:46:30,ashleevance
2024-04-17 13:46:30,ALupsasca
2024-04-17 13:46:30,lzin5ByH0t
2024-04-17 13:46:30,ellipsis_labs
2024-04-17 13:46:30,oMIiyJcIzk
2024-04-17 13:46:30,lighthouseincus
2024-04-17 13:46:30,nucleusgenomics
2024-04-17 13:46:30,MissionBrainOrg
2024-04-17 13:46:30,GrowSF
2024-04-17 13:46:30,UCL_Ultrasound
2024-04-17 13:46:30,FromKulak
2024-04-17 13:46:30,Januus_io
2024-04-17 13:46:30,pglang
2024-04-17 13:46:30,harvardmed
2024-04-17 13:46:30,BarrowNeuro
2024-04-17 13:46:30,MartinShkreli
2024-04-17 13:46:30,at_code_wizard
2024-04-17 13:46:30,VanderbiltU
2024-04-17 13:46:30,D6PkKZo6Od
2024-05-03 17:02:16,dydx
2024-05-03 17:02:16,E11BIO
2024-05-03 17:02:16,ucsbcs
2024-05-03 17:02:16,BlackrockNeuro_
2024-05-03 17:02:16,mbeyeler
2024-05-03 17:02:16,CTMFestival
2024-05-03 17:02:16,ucsf
2024-05-03 17:02:16,themintfund
2024-05-03 17:02:16,ProfBeyeler
2024-05-03 17:02:16,arcadiascience
2024-05-03 17:02:16,yashgaroth
2024-05-03 17:02:16,natfriedman
2024-05-03 17:02:16,danielgross
2024-05-03 17:02:16,PixiumVision
2024-05-03 17:02:16,bionicvisionlab
2024-05-03 17:02:16,seemaychou
2024-05-03 17:02:16,FatherMcKennaa
2024-05-03 17:02:16,boilerroomtv
2024-05-03 17:02:16,PropheticAI
2024-05-03 17:02:16,michaelandregg
2024-05-03 17:02:16,pioneer_fund
2024-05-03 17:02:16,MIT
2024-05-03 17:02:16,Andrew_C_Payne
2024-05-03 17:02:16,ucberkeley
2024-05-03 17:02:16,rememberlenny
2024-05-03 17:02:16,weslouis_
2024-05-03 17:02:16,ivo_crnkovic
2024-05-03 17:02:16,olshav
2024-05-03 17:02:16,richardfuisz
2024-05-03 17:02:16,eboyden3
2024-05-03 17:02:16,asterainstitute
2024-05-03 17:02:16,UCSBPsych
2024-05-03 17:02:16,clemson
2024-05-03 17:02:16,opiumhum
